iter,scenario,ms,decision
0,floor,34,708,-
0,defer,59,341,defer
0,allow,62,99,allow
1,floor,29,815,-
1,defer,60,762,defer
1,allow,45,736,allow
2,floor,29,194,-
2,defer,50,032,defer
2,allow,47,375,allow
3,floor,29,031,-
3,defer,47,892,defer
3,allow,47,817,allow
4,floor,28,728,-
4,defer,63,515,defer
4,allow,48,424,allow
5,floor,29,338,-
5,defer,48,076,defer
5,allow,48,157,allow
6,floor,29,422,-
6,defer,48,767,defer
6,allow,48,228,allow
7,floor,29,102,-
7,defer,49,921,defer
7,allow,63,932,allow
8,floor,31,774,-
8,defer,61,342,defer
8,allow,61,87,allow
9,floor,28,897,-
9,defer,47,258,defer
9,allow,47,904,allow
10,floor,39,18,-
10,defer,54,771,defer
10,allow,47,97,allow
11,floor,323,584,-
11,defer,54,337,defer
11,allow,46,796,allow
12,floor,29,079,-
12,defer,48,944,defer
12,allow,64,912,allow
13,floor,32,19,-
13,defer,58,523,defer
13,allow,47,678,allow
14,floor,29,202,-
14,defer,48,317,defer
14,allow,48,073,allow
15,floor,29,033,-
15,defer,47,441,defer
15,allow,48,595,allow
16,floor,29,243,-
16,defer,48,246,defer
16,allow,47,656,allow
17,floor,28,702,-
17,defer,336,012,defer
17,allow,49,246,allow
18,floor,30,458,-
18,defer,65,928,defer
18,allow,58,722,allow
19,floor,28,763,-
19,defer,48,847,defer
19,allow,48,083,allow
20,floor,28,876,-
20,defer,47,951,defer
20,allow,47,486,allow
21,floor,29,368,-
21,defer,48,533,defer
21,allow,48,258,allow
22,floor,30,568,-
22,defer,61,674,defer
22,allow,62,731,allow
23,floor,30,212,-
23,defer,49,48,defer
23,allow,47,787,allow
24,floor,30,553,-
24,defer,48,411,defer
24,allow,48,25,allow
25,floor,32,616,-
25,defer,61,931,defer
25,allow,63,45,allow
26,floor,30,364,-
26,defer,45,583,defer
26,allow,47,686,allow
27,floor,28,974,-
27,defer,48,818,defer
27,allow,48,505,allow
28,floor,29,079,-
28,defer,46,44,defer
28,allow,48,667,allow
29,floor,29,352,-
29,defer,48,178,defer
29,allow,345,827,allow
30,floor,29,41,-
30,defer,49,229,defer
30,allow,48,478,allow
31,floor,31,325,-
31,defer,64,309,defer
31,allow,58,364,allow
32,floor,29,482,-
32,defer,49,713,defer
32,allow,46,728,allow
33,floor,28,982,-
33,defer,48,313,defer
33,allow,47,703,allow
34,floor,29,567,-
34,defer,48,765,defer
34,allow,47,862,allow
35,floor,29,558,-
35,defer,62,54,defer
35,allow,350,983,allow
36,floor,32,121,-
36,defer,62,09,defer
36,allow,60,544,allow
37,floor,28,614,-
37,defer,51,054,defer
37,allow,60,973,allow
38,floor,28,82,-
38,defer,50,886,defer
38,allow,48,687,allow
39,floor,38,96,-
39,defer,53,408,defer
39,allow,60,642,allow
40,floor,28,724,-
40,defer,49,763,defer
40,allow,47,446,allow
41,floor,28,607,-
41,defer,50,054,defer
41,allow,47,85,allow
42,floor,28,353,-
42,defer,50,124,defer
42,allow,65,465,allow
43,floor,34,734,-
43,defer,57,686,defer
43,allow,61,463,allow
44,floor,30,586,-
44,defer,45,915,defer
44,allow,64,155,allow
45,floor,29,174,-
45,defer,61,946,defer
45,allow,47,398,allow
46,floor,31,464,-
46,defer,46,825,defer
46,allow,48,524,allow
47,floor,28,522,-
47,defer,48,497,defer
47,allow,64,789,allow
48,floor,326,723,-
48,defer,50,096,defer
48,allow,63,247,allow
49,floor,30,43,-
49,defer,47,603,defer
49,allow,47,904,allow
50,floor,33,787,-
50,defer,66,728,defer
50,allow,56,833,allow
51,floor,28,738,-
51,defer,49,062,defer
51,allow,46,577,allow
52,floor,28,408,-
52,defer,49,334,defer
52,allow,47,193,allow
53,floor,28,206,-
53,defer,49,628,defer
53,allow,47,449,allow
54,floor,29,548,-
54,defer,379,286,defer
54,allow,48,292,allow
55,floor,30,416,-
55,defer,48,068,defer
55,allow,49,586,allow
56,floor,30,017,-
56,defer,46,684,defer
56,allow,48,514,allow
57,floor,29,098,-
57,defer,49,038,defer
57,allow,46,137,allow
58,floor,29,227,-
58,defer,48,249,defer
58,allow,46,606,allow
59,floor,28,988,-
59,defer,50,03,defer
59,allow,46,893,allow
60,floor,29,025,-
60,defer,48,477,defer
60,allow,50,027,allow
61,floor,33,668,-
61,defer,60,142,defer
61,allow,60,52,allow
62,floor,28,795,-
62,defer,48,127,defer
62,allow,46,4,allow
63,floor,28,998,-
63,defer,50,709,defer
63,allow,47,669,allow
64,floor,32,225,-
64,defer,61,808,defer
64,allow,47,626,allow
65,floor,29,872,-
65,defer,47,57,defer
65,allow,63,89,allow
66,floor,28,389,-
66,defer,45,794,defer
66,allow,350,088,allow
67,floor,30,826,-
67,defer,61,166,defer
67,allow,46,856,allow
68,floor,29,343,-
68,defer,48,778,defer
68,allow,46,498,allow
69,floor,29,181,-
69,defer,51,526,defer
69,allow,59,331,allow
70,floor,38,281,-
70,defer,57,485,defer
70,allow,61,652,allow
71,floor,30,636,-
71,defer,48,197,defer
71,allow,47,902,allow
72,floor,30,561,-
72,defer,62,261,defer
72,allow,48,178,allow
73,floor,359,047,-
73,defer,54,254,defer
73,allow,47,539,allow
74,floor,28,625,-
74,defer,49,86,defer
74,allow,48,524,allow
75,floor,29,019,-
75,defer,50,252,defer
75,allow,46,17,allow
76,floor,28,469,-
76,defer,50,074,defer
76,allow,47,881,allow
77,floor,28,486,-
77,defer,49,914,defer
77,allow,47,391,allow
78,floor,28,552,-
78,defer,50,045,defer
78,allow,48,3,allow
79,floor,30,251,-
79,defer,61,942,defer
79,allow,46,177,allow
80,floor,28,972,-
80,defer,50,863,defer
80,allow,48,516,allow
81,floor,29,708,-
81,defer,60,855,defer
81,allow,46,896,allow
82,floor,29,6,-
82,defer,49,557,defer
82,allow,48,664,allow
83,floor,28,488,-
83,defer,48,021,defer
83,allow,47,949,allow
84,floor,28,403,-
84,defer,48,592,defer
84,allow,48,697,allow
85,floor,28,244,-
85,defer,51,009,defer
85,allow,366,708,allow
86,floor,29,409,-
86,defer,47,45,defer
86,allow,47,684,allow
87,floor,28,689,-
87,defer,49,117,defer
87,allow,46,648,allow
88,floor,28,904,-
88,defer,49,674,defer
88,allow,48,046,allow
89,floor,29,387,-
89,defer,50,43,defer
89,allow,47,177,allow
90,floor,28,486,-
90,defer,47,902,defer
90,allow,48,33,allow
91,floor,28,668,-
91,defer,49,362,defer
91,allow,49,625,allow
92,floor,367,867,-
92,defer,55,239,defer
92,allow,47,399,allow
93,floor,29,231,-
93,defer,49,462,defer
93,allow,49,069,allow
94,floor,29,574,-
94,defer,64,221,defer
94,allow,50,444,allow
95,floor,28,731,-
95,defer,46,269,defer
95,allow,48,465,allow
96,floor,28,943,-
96,defer,48,643,defer
96,allow,48,406,allow
97,floor,30,708,-
97,defer,61,585,defer
97,allow,48,2,allow
98,floor,30,598,-
98,defer,46,979,defer
98,allow,47,064,allow
99,floor,28,981,-
99,defer,48,726,defer
99,allow,62,058,allow
100,floor,28,971,-
100,defer,49,212,defer
100,allow,48,026,allow
101,floor,40,586,-
101,defer,52,552,defer
101,allow,48,063,allow
102,floor,28,417,-
102,defer,49,344,defer
102,allow,48,226,allow
103,floor,28,33,-
103,defer,49,381,defer
103,allow,48,541,allow
104,floor,28,692,-
104,defer,49,762,defer
104,allow,356,865,allow
105,floor,28,797,-
105,defer,49,294,defer
105,allow,47,37,allow
106,floor,28,333,-
106,defer,48,912,defer
106,allow,48,152,allow
107,floor,32,536,-
107,defer,60,612,defer
107,allow,46,9,allow
108,floor,28,666,-
108,defer,50,142,defer
108,allow,47,77,allow
109,floor,29,467,-
109,defer,48,781,defer
109,allow,61,94,allow
110,floor,31,045,-
110,defer,61,886,defer
110,allow,63,409,allow
111,floor,316,444,-
111,defer,59,726,defer
111,allow,48,707,allow
112,floor,29,421,-
112,defer,48,748,defer
112,allow,50,495,allow
113,floor,29,94,-
113,defer,61,714,defer
113,allow,48,36,allow
114,floor,28,617,-
114,defer,50,031,defer
114,allow,48,807,allow
115,floor,32,533,-
115,defer,60,552,defer
115,allow,62,626,allow
116,floor,29,45,-
116,defer,50,721,defer
116,allow,47,387,allow
117,floor,30,025,-
117,defer,62,991,defer
117,allow,63,329,allow
118,floor,28,914,-
118,defer,49,522,defer
118,allow,47,716,allow
119,floor,28,951,-
119,defer,49,667,defer
119,allow,63,716,allow
120,floor,30,554,-
120,defer,63,336,defer
120,allow,60,226,allow
121,floor,30,039,-
121,defer,61,737,defer
121,allow,61,809,allow
122,floor,32,55,-
122,defer,63,429,defer
122,allow,63,15,allow
123,floor,32,647,-
123,defer,55,192,defer
123,allow,379,335,allow
124,floor,29,705,-
124,defer,63,324,defer
124,allow,47,674,allow
125,floor,33,039,-
125,defer,59,76,defer
125,allow,48,025,allow
126,floor,28,959,-
126,defer,51,034,defer
126,allow,62,393,allow
127,floor,29,255,-
127,defer,47,203,defer
127,allow,47,157,allow
128,floor,31,313,-
128,defer,63,33,defer
128,allow,47,484,allow
129,floor,29,197,-
129,defer,47,831,defer
129,allow,47,714,allow
130,floor,320,898,-
130,defer,60,91,defer
130,allow,61,334,allow
131,floor,37,562,-
131,defer,56,544,defer
131,allow,62,572,allow
132,floor,30,748,-
132,defer,47,074,defer
132,allow,65,158,allow
133,floor,29,29,-
133,defer,61,219,defer
133,allow,47,614,allow
134,floor,30,504,-
134,defer,48,847,defer
134,allow,61,947,allow
135,floor,29,01,-
135,defer,49,388,defer
135,allow,60,579,allow
136,floor,29,394,-
136,defer,48,77,defer
136,allow,46,182,allow
137,floor,29,218,-
137,defer,48,351,defer
137,allow,48,619,allow
138,floor,29,367,-
138,defer,46,62,defer
138,allow,50,601,allow
139,floor,31,007,-
139,defer,62,224,defer
139,allow,47,345,allow
140,floor,31,78,-
140,defer,63,484,defer
140,allow,48,045,allow
141,floor,29,299,-
141,defer,50,503,defer
141,allow,46,99,allow
142,floor,28,908,-
142,defer,349,904,defer
142,allow,62,907,allow
143,floor,30,085,-
143,defer,48,854,defer
143,allow,62,963,allow
144,floor,30,253,-
144,defer,60,652,defer
144,allow,48,793,allow
145,floor,29,486,-
145,defer,50,316,defer
145,allow,62,201,allow
146,floor,29,136,-
146,defer,48,121,defer
146,allow,47,082,allow
147,floor,30,283,-
147,defer,63,618,defer
147,allow,47,005,allow
148,floor,29,164,-
148,defer,49,759,defer
148,allow,345,855,allow
149,floor,34,435,-
149,defer,60,792,defer
149,allow,61,52,allow
150,floor,28,947,-
150,defer,47,996,defer
150,allow,47,96,allow
151,floor,30,107,-
151,defer,47,83,defer
151,allow,48,085,allow
152,floor,29,334,-
152,defer,47,352,defer
152,allow,62,601,allow
153,floor,31,558,-
153,defer,62,137,defer
153,allow,47,962,allow
154,floor,28,177,-
154,defer,64,416,defer
154,allow,48,198,allow
155,floor,29,466,-
155,defer,47,867,defer
155,allow,49,046,allow
156,floor,28,981,-
156,defer,50,116,defer
156,allow,62,658,allow
157,floor,29,791,-
157,defer,63,793,defer
157,allow,49,028,allow
158,floor,31,216,-
158,defer,60,707,defer
158,allow,61,376,allow
159,floor,29,88,-
159,defer,46,936,defer
159,allow,47,543,allow
160,floor,30,412,-
160,defer,62,916,defer
160,allow,62,258,allow
161,floor,352,591,-
161,defer,60,464,defer
161,allow,62,57,allow
162,floor,38,239,-
162,defer,55,902,defer
162,allow,47,715,allow
163,floor,29,055,-
163,defer,48,269,defer
163,allow,48,412,allow
164,floor,28,288,-
164,defer,49,764,defer
164,allow,46,949,allow
165,floor,28,62,-
165,defer,50,214,defer
165,allow,48,436,allow
166,floor,29,125,-
166,defer,46,668,defer
166,allow,46,506,allow
167,floor,28,429,-
167,defer,348,88,defer
167,allow,46,773,allow
168,floor,30,586,-
168,defer,47,287,defer
168,allow,46,905,allow
169,floor,28,774,-
169,defer,49,721,defer
169,allow,47,102,allow
170,floor,28,793,-
170,defer,50,345,defer
170,allow,347,838,allow
171,floor,29,07,-
171,defer,46,756,defer
171,allow,47,allow
172,floor,30,289,-
172,defer,47,88,defer
172,allow,61,785,allow
173,floor,29,301,-
173,defer,48,238,defer
173,allow,47,978,allow
174,floor,28,755,-
174,defer,49,152,defer
174,allow,46,842,allow
175,floor,28,911,-
175,defer,50,539,defer
175,allow,48,359,allow
176,floor,28,485,-
176,defer,49,584,defer
176,allow,63,319,allow
177,floor,28,965,-
177,defer,49,402,defer
177,allow,47,243,allow
178,floor,29,893,-
178,defer,48,499,defer
178,allow,48,896,allow
179,floor,28,563,-
179,defer,48,914,defer
179,allow,48,46,allow
180,floor,30,115,-
180,defer,47,278,defer
180,allow,63,114,allow
181,floor,29,124,-
181,defer,48,025,defer
181,allow,330,935,allow
182,floor,28,449,-
182,defer,49,468,defer
182,allow,47,419,allow
183,floor,28,834,-
183,defer,65,314,defer
183,allow,47,474,allow
184,floor,28,882,-
184,defer,49,165,defer
184,allow,47,387,allow
185,floor,29,907,-
185,defer,62,418,defer
185,allow,46,557,allow
186,floor,28,615,-
186,defer,49,811,defer
186,allow,60,001,allow
187,floor,29,356,-
187,defer,396,806,defer
187,allow,47,472,allow
188,floor,29,229,-
188,defer,48,042,defer
188,allow,48,107,allow
189,floor,29,016,-
189,defer,48,992,defer
189,allow,49,239,allow
190,floor,29,427,-
190,defer,62,878,defer
190,allow,61,98,allow
191,floor,37,063,-
191,defer,57,15,defer
191,allow,63,407,allow
192,floor,29,298,-
192,defer,48,897,defer
192,allow,47,245,allow
193,floor,28,651,-
193,defer,52,249,defer
193,allow,61,959,allow
194,floor,33,082,-
194,defer,59,707,defer
194,allow,47,781,allow
195,floor,28,685,-
195,defer,48,829,defer
195,allow,48,836,allow
196,floor,28,77,-
196,defer,48,162,defer
196,allow,48,485,allow
197,floor,30,956,-
197,defer,65,991,defer
197,allow,60,9,allow
198,floor,29,096,-
198,defer,50,139,defer
198,allow,62,633,allow
199,floor,29,909,-
199,defer,345,921,defer
199,allow,47,235,allow
200,floor,28,81,-
200,defer,49,408,defer
200,allow,47,035,allow
201,floor,28,997,-
201,defer,50,032,defer
201,allow,47,782,allow
202,floor,30,013,-
202,defer,49,069,defer
202,allow,62,941,allow
203,floor,28,978,-
203,defer,49,06,defer
203,allow,48,021,allow
204,floor,29,698,-
204,defer,49,632,defer
204,allow,46,962,allow
205,floor,28,973,-
205,defer,49,442,defer
205,allow,345,342,allow
206,floor,28,557,-
206,defer,48,895,defer
206,allow,48,033,allow
207,floor,28,649,-
207,defer,65,765,defer
207,allow,61,819,allow
208,floor,31,967,-
208,defer,60,42,defer
208,allow,63,655,allow
209,floor,30,656,-
209,defer,61,49,defer
209,allow,62,698,allow
210,floor,29,546,-
210,defer,46,693,defer
210,allow,46,887,allow
211,floor,29,456,-
211,defer,46,85,defer
211,allow,48,398,allow
212,floor,29,359,-
212,defer,49,081,defer
212,allow,47,112,allow
213,floor,28,761,-
213,defer,63,991,defer
213,allow,48,297,allow
214,floor,28,848,-
214,defer,49,7,defer
214,allow,48,065,allow
215,floor,30,188,-
215,defer,47,488,defer
215,allow,47,844,allow
216,floor,28,773,-
216,defer,49,829,defer
216,allow,48,752,allow
217,floor,30,404,-
217,defer,62,427,defer
217,allow,48,802,allow
218,floor,308,61,-
218,defer,54,592,defer
218,allow,47,905,allow
219,floor,28,656,-
219,defer,49,416,defer
219,allow,48,224,allow
220,floor,28,927,-
220,defer,48,196,defer
220,allow,47,62,allow
221,floor,29,206,-
221,defer,48,636,defer
221,allow,46,061,allow
222,floor,37,242,-
222,defer,54,814,defer
222,allow,47,247,allow
223,floor,29,099,-
223,defer,48,706,defer
223,allow,47,657,allow
224,floor,313,22,-
224,defer,48,856,defer
224,allow,46,501,allow
225,floor,28,885,-
225,defer,49,011,defer
225,allow,48,486,allow
226,floor,29,939,-
226,defer,47,77,defer
226,allow,49,338,allow
227,floor,326,222,-
227,defer,50,126,defer
227,allow,47,034,allow
228,floor,28,326,-
228,defer,48,984,defer
228,allow,46,052,allow
229,floor,28,174,-
229,defer,51,981,defer
229,allow,47,233,allow
230,floor,28,852,-
230,defer,48,952,defer
230,allow,46,884,allow
231,floor,29,206,-
231,defer,48,839,defer
231,allow,62,226,allow
232,floor,29,376,-
232,defer,49,281,defer
232,allow,48,018,allow
233,floor,28,521,-
233,defer,50,416,defer
233,allow,62,781,allow
234,floor,28,766,-
234,defer,48,113,defer
234,allow,46,568,allow
235,floor,28,817,-
235,defer,51,192,defer
235,allow,48,1,allow
236,floor,28,993,-
236,defer,48,267,defer
236,allow,47,804,allow
237,floor,28,308,-
237,defer,49,225,defer
237,allow,48,679,allow
238,floor,28,769,-
238,defer,364,033,defer
238,allow,48,448,allow
239,floor,33,105,-
239,defer,61,086,defer
239,allow,46,697,allow
240,floor,29,222,-
240,defer,48,901,defer
240,allow,47,807,allow
241,floor,29,933,-
241,defer,49,368,defer
241,allow,47,587,allow
242,floor,27,957,-
242,defer,50,978,defer
242,allow,47,882,allow
243,floor,28,771,-
243,defer,64,984,defer
243,allow,61,351,allow
244,floor,317,02,-
244,defer,58,765,defer
244,allow,46,67,allow
245,floor,28,599,-
245,defer,50,509,defer
245,allow,48,37,allow
246,floor,28,345,-
246,defer,50,399,defer
246,allow,47,644,allow
247,floor,29,139,-
247,defer,49,698,defer
247,allow,46,77,allow
248,floor,28,32,-
248,defer,50,142,defer
248,allow,46,831,allow
249,floor,28,602,-
249,defer,49,243,defer
249,allow,48,534,allow
250,floor,30,86,-
250,defer,63,587,defer
250,allow,49,853,allow
251,floor,33,544,-
251,defer,58,434,defer
251,allow,47,037,allow
252,floor,39,451,-
252,defer,54,445,defer
252,allow,47,875,allow
253,floor,28,376,-
253,defer,50,139,defer
253,allow,48,137,allow
254,floor,28,921,-
254,defer,51,848,defer
254,allow,46,244,allow
255,floor,28,457,-
255,defer,48,939,defer
255,allow,48,048,allow
256,floor,28,956,-
256,defer,365,168,defer
256,allow,47,721,allow
257,floor,28,572,-
257,defer,49,45,defer
257,allow,46,717,allow
258,floor,28,7,-
258,defer,49,972,defer
258,allow,47,972,allow
259,floor,29,613,-
259,defer,47,858,defer
259,allow,48,548,allow
260,floor,29,36,-
260,defer,48,62,defer
260,allow,47,436,allow
261,floor,28,623,-
261,defer,48,538,defer
261,allow,47,537,allow
262,floor,28,654,-
262,defer,50,257,defer
262,allow,347,091,allow
263,floor,29,926,-
263,defer,48,592,defer
263,allow,46,588,allow
264,floor,28,489,-
264,defer,49,232,defer
264,allow,47,685,allow
265,floor,28,372,-
265,defer,50,714,defer
265,allow,47,356,allow
266,floor,28,419,-
266,defer,50,456,defer
266,allow,46,442,allow
267,floor,28,662,-
267,defer,49,976,defer
267,allow,47,648,allow
268,floor,29,304,-
268,defer,47,88,defer
268,allow,63,071,allow
269,floor,28,999,-
269,defer,48,465,defer
269,allow,47,31,allow
270,floor,28,805,-
270,defer,47,535,defer
270,allow,48,026,allow
271,floor,31,067,-
271,defer,60,465,defer
271,allow,46,777,allow
272,floor,29,172,-
272,defer,47,854,defer
272,allow,48,576,allow
273,floor,29,472,-
273,defer,49,25,defer
273,allow,62,208,allow
274,floor,29,364,-
274,defer,48,189,defer
274,allow,48,151,allow
275,floor,28,611,-
275,defer,380,44,defer
275,allow,48,757,allow
276,floor,32,075,-
276,defer,61,681,defer
276,allow,62,713,allow
277,floor,29,578,-
277,defer,46,845,defer
277,allow,48,911,allow
278,floor,29,211,-
278,defer,48,563,defer
278,allow,47,307,allow
279,floor,27,655,-
279,defer,50,419,defer
279,allow,47,912,allow
280,floor,29,226,-
280,defer,49,396,defer
280,allow,48,444,allow
281,floor,30,283,-
281,defer,349,154,defer
281,allow,62,515,allow
282,floor,37,256,-
282,defer,55,416,defer
282,allow,47,549,allow
283,floor,29,-
283,defer,49,331,defer
283,allow,47,335,allow
284,floor,28,286,-
284,defer,50,558,defer
284,allow,364,397,allow
285,floor,29,273,-
285,defer,50,278,defer
285,allow,48,21,allow
286,floor,28,268,-
286,defer,52,781,defer
286,allow,60,52,allow
287,floor,29,348,-
287,defer,47,194,defer
287,allow,46,841,allow
288,floor,28,464,-
288,defer,49,577,defer
288,allow,47,741,allow
289,floor,28,402,-
289,defer,49,333,defer
289,allow,47,124,allow
290,floor,27,936,-
290,defer,49,596,defer
290,allow,47,859,allow
291,floor,28,198,-
291,defer,49,357,defer
291,allow,63,141,allow
292,floor,30,819,-
292,defer,46,131,defer
292,allow,49,079,allow
293,floor,28,825,-
293,defer,48,206,defer
293,allow,48,004,allow
294,floor,28,257,-
294,defer,50,007,defer
294,allow,50,55,allow
295,floor,28,785,-
295,defer,61,216,defer
295,allow,347,911,allow
296,floor,28,419,-
296,defer,47,872,defer
296,allow,49,23,allow
297,floor,30,554,-
297,defer,51,151,defer
297,allow,60,016,allow
298,floor,28,708,-
298,defer,49,278,defer
298,allow,62,285,allow
299,floor,28,288,-
299,defer,50,464,defer
299,allow,47,965,allow
300,floor,30,101,-
300,defer,46,933,defer
300,allow,48,55,allow
301,floor,315,722,-
301,defer,44,53,defer
301,allow,48,306,allow
302,floor,29,097,-
302,defer,50,078,defer
302,allow,48,913,allow
303,floor,29,543,-
303,defer,46,588,defer
303,allow,47,962,allow
304,floor,28,832,-
304,defer,64,652,defer
304,allow,49,029,allow
305,floor,28,462,-
305,defer,48,989,defer
305,allow,48,547,allow
306,floor,31,776,-
306,defer,59,99,defer
306,allow,61,802,allow
307,floor,29,55,-
307,defer,47,612,defer
307,allow,46,338,allow
308,floor,28,111,-
308,defer,50,556,defer
308,allow,48,683,allow
309,floor,28,584,-
309,defer,49,88,defer
309,allow,49,156,allow
310,floor,30,801,-
310,defer,47,862,defer
310,allow,61,023,allow
311,floor,28,501,-
311,defer,50,045,defer
311,allow,47,344,allow
312,floor,28,693,-
312,defer,49,49,defer
312,allow,48,483,allow
313,floor,323,417,-
313,defer,52,631,defer
313,allow,47,033,allow
314,floor,36,315,-
314,defer,56,102,defer
314,allow,48,002,allow
315,floor,30,669,-
315,defer,48,136,defer
315,allow,47,475,allow
316,floor,28,728,-
316,defer,49,059,defer
316,allow,46,454,allow
317,floor,28,739,-
317,defer,48,524,defer
317,allow,48,098,allow
318,floor,28,568,-
318,defer,51,513,defer
318,allow,61,168,allow
319,floor,312,492,-
319,defer,51,926,defer
319,allow,48,382,allow
320,floor,28,269,-
320,defer,49,734,defer
320,allow,48,043,allow
321,floor,29,99,-
321,defer,48,453,defer
321,allow,47,554,allow
322,floor,312,302,-
322,defer,49,848,defer
322,allow,60,517,allow
323,floor,29,004,-
323,defer,50,171,defer
323,allow,46,977,allow
324,floor,28,221,-
324,defer,54,996,defer
324,allow,61,173,allow
325,floor,28,681,-
325,defer,49,032,defer
325,allow,47,401,allow
326,floor,30,976,-
326,defer,48,38,defer
326,allow,62,34,allow
327,floor,28,588,-
327,defer,49,682,defer
327,allow,47,835,allow
328,floor,28,538,-
328,defer,48,889,defer
328,allow,47,051,allow
329,floor,28,603,-
329,defer,50,251,defer
329,allow,48,139,allow
330,floor,30,598,-
330,defer,60,673,defer
330,allow,48,712,allow
331,floor,29,271,-
331,defer,45,97,defer
331,allow,48,856,allow
332,floor,29,1,-
332,defer,48,203,defer
332,allow,49,026,allow
333,floor,353,799,-
333,defer,53,718,defer
333,allow,63,196,allow
334,floor,28,818,-
334,defer,49,76,defer
334,allow,48,644,allow
335,floor,30,932,-
335,defer,61,272,defer
335,allow,46,672,allow
336,floor,29,408,-
336,defer,47,035,defer
336,allow,48,062,allow
337,floor,28,72,-
337,defer,48,208,defer
337,allow,48,341,allow
338,floor,33,282,-
338,defer,59,295,defer
338,allow,348,897,allow
339,floor,28,43,-
339,defer,49,629,defer
339,allow,49,545,allow
340,floor,31,249,-
340,defer,61,017,defer
340,allow,48,725,allow
341,floor,30,955,-
341,defer,60,727,defer
341,allow,46,629,allow
342,floor,28,935,-
342,defer,49,261,defer
342,allow,48,864,allow
343,floor,36,844,-
343,defer,56,392,defer
343,allow,47,562,allow
344,floor,30,934,-
344,defer,62,674,defer
344,allow,47,079,allow
345,floor,28,262,-
345,defer,50,326,defer
345,allow,47,198,allow
346,floor,28,739,-
346,defer,48,229,defer
346,allow,48,683,allow
347,floor,28,522,-
347,defer,49,608,defer
347,allow,49,145,allow
348,floor,31,6,-
348,defer,60,544,defer
348,allow,48,256,allow
349,floor,29,414,-
349,defer,46,997,defer
349,allow,48,514,allow
350,floor,28,162,-
350,defer,49,963,defer
350,allow,47,9,allow
351,floor,327,002,-
351,defer,49,626,defer
351,allow,47,448,allow
352,floor,28,292,-
352,defer,50,038,defer
352,allow,47,319,allow
353,floor,29,19,-
353,defer,50,405,defer
353,allow,60,934,allow
354,floor,34,101,-
354,defer,59,745,defer
354,allow,47,416,allow
355,floor,28,538,-
355,defer,48,388,defer
355,allow,46,525,allow
356,floor,28,669,-
356,defer,48,957,defer
356,allow,48,574,allow
357,floor,318,908,-
357,defer,60,526,defer
357,allow,48,292,allow
358,floor,28,759,-
358,defer,49,746,defer
358,allow,63,149,allow
359,floor,29,098,-
359,defer,48,853,defer
359,allow,47,041,allow
360,floor,308,609,-
360,defer,50,86,defer
360,allow,62,629,allow
361,floor,30,143,-
361,defer,61,262,defer
361,allow,47,034,allow
362,floor,28,557,-
362,defer,49,815,defer
362,allow,62,676,allow
363,floor,29,104,-
363,defer,48,883,defer
363,allow,46,258,allow
364,floor,28,571,-
364,defer,47,984,defer
364,allow,46,808,allow
365,floor,30,361,-
365,defer,48,001,defer
365,allow,46,243,allow
366,floor,32,221,-
366,defer,63,521,defer
366,allow,47,21,allow
367,floor,28,701,-
367,defer,51,057,defer
367,allow,64,163,allow
368,floor,30,741,-
368,defer,61,2,defer
368,allow,47,298,allow
369,floor,28,81,-
369,defer,49,835,defer
369,allow,47,537,allow
370,floor,28,966,-
370,defer,46,93,defer
370,allow,47,728,allow
371,floor,316,386,-
371,defer,45,51,defer
371,allow,47,095,allow
372,floor,28,52,-
372,defer,50,434,defer
372,allow,48,317,allow
373,floor,40,104,-
373,defer,58,088,defer
373,allow,61,113,allow
374,floor,28,581,-
374,defer,49,473,defer
374,allow,46,49,allow
375,floor,28,422,-
375,defer,49,305,defer
375,allow,48,841,allow
376,floor,28,887,-
376,defer,47,891,defer
376,allow,378,238,allow
377,floor,30,909,-
377,defer,62,317,defer
377,allow,64,366,allow
378,floor,32,314,-
378,defer,62,186,defer
378,allow,63,064,allow
379,floor,29,502,-
379,defer,49,028,defer
379,allow,61,735,allow
380,floor,29,112,-
380,defer,48,18,defer
380,allow,47,548,allow
381,floor,29,347,-
381,defer,48,834,defer
381,allow,61,983,allow
382,floor,28,528,-
382,defer,49,118,defer
382,allow,48,079,allow
383,floor,28,226,-
383,defer,50,204,defer
383,allow,47,44,allow
384,floor,28,592,-
384,defer,51,248,defer
384,allow,47,384,allow
385,floor,28,289,-
385,defer,51,313,defer
385,allow,47,538,allow
386,floor,40,659,-
386,defer,53,204,defer
386,allow,47,431,allow
387,floor,29,558,-
387,defer,48,419,defer
387,allow,46,526,allow
388,floor,28,495,-
388,defer,48,44,defer
388,allow,47,933,allow
389,floor,321,904,-
389,defer,54,822,defer
389,allow,48,536,allow
390,floor,28,482,-
390,defer,48,898,defer
390,allow,49,532,allow
391,floor,30,085,-
391,defer,47,56,defer
391,allow,47,338,allow
392,floor,34,772,-
392,defer,58,238,defer
392,allow,47,31,allow
393,floor,29,159,-
393,defer,46,454,defer
393,allow,64,8,allow
394,floor,28,366,-
394,defer,48,555,defer
394,allow,49,287,allow
395,floor,317,247,-
395,defer,59,732,defer
395,allow,46,261,allow
396,floor,29,606,-
396,defer,49,707,defer
396,allow,61,71,allow
397,floor,28,65,-
397,defer,52,037,defer
397,allow,60,013,allow
398,floor,315,797,-
398,defer,57,922,defer
398,allow,47,267,allow
399,floor,30,248,-
399,defer,47,932,defer
399,allow,47,814,allow
400,floor,29,043,-
400,defer,50,317,defer
400,allow,47,784,allow
401,floor,28,366,-
401,defer,50,983,defer
401,allow,62,939,allow
402,floor,37,487,-
402,defer,55,843,defer
402,allow,47,606,allow
403,floor,28,884,-
403,defer,49,012,defer
403,allow,61,738,allow
404,floor,28,622,-
404,defer,49,398,defer
404,allow,48,588,allow
405,floor,28,343,-
405,defer,50,956,defer
405,allow,63,972,allow
406,floor,28,931,-
406,defer,47,784,defer
406,allow,46,893,allow
407,floor,28,537,-
407,defer,49,142,defer
407,allow,47,348,allow
408,floor,28,235,-
408,defer,51,086,defer
408,allow,47,203,allow
409,floor,316,743,-
409,defer,46,201,defer
409,allow,48,704,allow
410,floor,28,522,-
410,defer,50,127,defer
410,allow,48,298,allow
411,floor,28,977,-
411,defer,49,949,defer
411,allow,63,41,allow
412,floor,29,654,-
412,defer,48,872,defer
412,allow,47,256,allow
413,floor,28,414,-
413,defer,49,514,defer
413,allow,47,368,allow
414,floor,28,639,-
414,defer,49,894,defer
414,allow,346,523,allow
415,floor,28,632,-
415,defer,49,96,defer
415,allow,48,16,allow
416,floor,29,235,-
416,defer,48,041,defer
416,allow,64,314,allow
417,floor,31,033,-
417,defer,46,28,defer
417,allow,47,479,allow
418,floor,29,061,-
418,defer,48,428,defer
418,allow,48,485,allow
419,floor,28,348,-
419,defer,48,387,defer
419,allow,51,195,allow
420,floor,30,243,-
420,defer,61,808,defer
420,allow,46,489,allow
421,floor,28,296,-
421,defer,48,725,defer
421,allow,48,46,allow
422,floor,28,528,-
422,defer,49,455,defer
422,allow,62,788,allow
423,floor,29,559,-
423,defer,63,889,defer
423,allow,49,127,allow
424,floor,29,296,-
424,defer,64,239,defer
424,allow,62,966,allow
425,floor,30,509,-
425,defer,47,033,defer
425,allow,62,137,allow
426,floor,28,478,-
426,defer,49,153,defer
426,allow,48,615,allow
427,floor,318,842,-
427,defer,58,831,defer
427,allow,48,548,allow
428,floor,28,646,-
428,defer,49,516,defer
428,allow,47,603,allow
429,floor,30,251,-
429,defer,63,455,defer
429,allow,48,268,allow
430,floor,28,338,-
430,defer,48,958,defer
430,allow,48,338,allow
431,floor,29,955,-
431,defer,48,093,defer
431,allow,47,931,allow
432,floor,29,714,-
432,defer,50,813,defer
432,allow,64,494,allow
433,floor,310,864,-
433,defer,47,056,defer
433,allow,46,4,allow
434,floor,36,96,-
434,defer,57,881,defer
434,allow,47,316,allow
435,floor,29,448,-
435,defer,50,904,defer
435,allow,63,145,allow
436,floor,30,986,-
436,defer,344,738,defer
436,allow,48,102,allow
437,floor,28,43,-
437,defer,50,283,defer
437,allow,46,694,allow
438,floor,28,653,-
438,defer,49,497,defer
438,allow,48,497,allow
439,floor,33,627,-
439,defer,62,276,defer
439,allow,66,23,allow
440,floor,31,016,-
440,defer,57,637,defer
440,allow,63,2,allow
441,floor,29,743,-
441,defer,46,139,defer
441,allow,47,204,allow
442,floor,28,343,-
442,defer,49,304,defer
442,allow,49,016,allow
443,floor,29,708,-
443,defer,48,272,defer
443,allow,47,913,allow
444,floor,28,583,-
444,defer,49,356,defer
444,allow,48,326,allow
445,floor,29,135,-
445,defer,51,735,defer
445,allow,45,987,allow
446,floor,28,313,-
446,defer,48,138,defer
446,allow,47,697,allow
447,floor,28,831,-
447,defer,348,811,defer
447,allow,47,73,allow
448,floor,28,842,-
448,defer,49,936,defer
448,allow,62,398,allow
449,floor,31,263,-
449,defer,46,752,defer
449,allow,46,764,allow
450,floor,28,579,-
450,defer,50,125,defer
450,allow,46,602,allow
451,floor,28,683,-
451,defer,48,22,defer
451,allow,48,281,allow
452,floor,28,888,-
452,defer,66,812,defer
452,allow,64,515,allow
453,floor,342,01,-
453,defer,49,193,defer
453,allow,48,061,allow
454,floor,29,464,-
454,defer,49,196,defer
454,allow,46,613,allow
455,floor,28,702,-
455,defer,47,966,defer
455,allow,47,751,allow
456,floor,28,232,-
456,defer,49,035,defer
456,allow,46,59,allow
457,floor,28,618,-
457,defer,49,586,defer
457,allow,51,761,allow
458,floor,29,77,-
458,defer,59,572,defer
458,allow,92,991,allow
459,floor,28,595,-
459,defer,49,069,defer
459,allow,48,298,allow
460,floor,28,153,-
460,defer,49,565,defer
460,allow,48,752,allow
461,floor,30,988,-
461,defer,60,76,defer
461,allow,47,175,allow
462,floor,28,243,-
462,defer,48,228,defer
462,allow,48,235,allow
463,floor,28,678,-
463,defer,49,185,defer
463,allow,47,222,allow
464,floor,28,274,-
464,defer,49,322,defer
464,allow,46,803,allow
465,floor,37,333,-
465,defer,60,437,defer
465,allow,344,618,allow
466,floor,30,25,-
466,defer,63,009,defer
466,allow,62,536,allow
467,floor,29,178,-
467,defer,49,109,defer
467,allow,46,921,allow
468,floor,28,226,-
468,defer,49,46,defer
468,allow,46,642,allow
469,floor,28,218,-
469,defer,50,217,defer
469,allow,46,958,allow
470,floor,28,499,-
470,defer,49,243,defer
470,allow,48,572,allow
471,floor,30,441,-
471,defer,47,683,defer
471,allow,377,866,allow
472,floor,38,444,-
472,defer,52,615,defer
472,allow,47,082,allow
473,floor,30,018,-
473,defer,47,451,defer
473,allow,47,197,allow
474,floor,28,535,-
474,defer,50,478,defer
474,allow,47,894,allow
475,floor,28,706,-
475,defer,49,31,defer
475,allow,48,469,allow
476,floor,30,147,-
476,defer,62,608,defer
476,allow,45,528,allow
477,floor,28,453,-
477,defer,50,066,defer
477,allow,48,011,allow
478,floor,28,557,-
478,defer,48,628,defer
478,allow,49,507,allow
479,floor,30,195,-
479,defer,63,598,defer
479,allow,47,096,allow
480,floor,28,334,-
480,defer,48,834,defer
480,allow,48,739,allow
481,floor,28,443,-
481,defer,49,472,defer
481,allow,47,262,allow
482,floor,28,409,-
482,defer,49,174,defer
482,allow,47,755,allow
483,floor,28,425,-
483,defer,65,363,defer
483,allow,47,692,allow
484,floor,30,751,-
484,defer,333,021,defer
484,allow,63,349,allow
485,floor,35,37,-
485,defer,55,954,defer
485,allow,48,669,allow
486,floor,31,17,-
486,defer,46,314,defer
486,allow,47,252,allow
487,floor,28,29,-
487,defer,49,862,defer
487,allow,47,08,allow
488,floor,28,696,-
488,defer,50,469,defer
488,allow,47,764,allow
489,floor,29,096,-
489,defer,49,672,defer
489,allow,47,668,allow
490,floor,28,248,-
490,defer,46,36,defer
490,allow,361,447,allow
491,floor,28,143,-
491,defer,48,83,defer
491,allow,47,472,allow
492,floor,28,478,-
492,defer,48,404,defer
492,allow,47,859,allow
493,floor,27,949,-
493,defer,50,339,defer
493,allow,46,416,allow
494,floor,36,493,-
494,defer,58,83,defer
494,allow,61,836,allow
495,floor,28,567,-
495,defer,48,636,defer
495,allow,48,666,allow
496,floor,28,347,-
496,defer,51,665,defer
496,allow,47,211,allow
497,floor,27,754,-
497,defer,51,547,defer
497,allow,63,182,allow
498,floor,29,478,-
498,defer,45,994,defer
498,allow,48,313,allow
499,floor,27,732,-
499,defer,50,48,defer
499,allow,46,759,allow
500,floor,28,629,-
500,defer,50,381,defer
500,allow,47,163,allow
501,floor,28,626,-
501,defer,49,528,defer
501,allow,46,94,allow
502,floor,29,051,-
502,defer,48,899,defer
502,allow,47,388,allow
503,floor,31,793,-
503,defer,362,664,defer
503,allow,48,328,allow
504,floor,29,458,-
504,defer,46,855,defer
504,allow,48,902,allow
505,floor,29,383,-
505,defer,47,375,defer
505,allow,48,632,allow
506,floor,29,815,-
506,defer,47,611,defer
506,allow,48,256,allow
507,floor,29,753,-
507,defer,47,68,defer
507,allow,48,74,allow
508,floor,29,702,-
508,defer,67,114,defer
508,allow,60,936,allow
509,floor,30,216,-
509,defer,46,913,defer
509,allow,350,931,allow
510,floor,36,346,-
510,defer,55,858,defer
510,allow,48,742,allow
511,floor,30,701,-
511,defer,62,614,defer
511,allow,47,812,allow
512,floor,30,171,-
512,defer,62,384,defer
512,allow,48,41,allow
513,floor,30,766,-
513,defer,64,959,defer
513,allow,61,481,allow
514,floor,31,025,-
514,defer,61,185,defer
514,allow,48,33,allow
515,floor,38,942,-
515,defer,55,105,defer
515,allow,60,866,allow
516,floor,28,659,-
516,defer,48,771,defer
516,allow,48,763,allow
517,floor,28,929,-
517,defer,48,347,defer
517,allow,48,951,allow
518,floor,29,382,-
518,defer,48,22,defer
518,allow,47,959,allow
519,floor,28,414,-
519,defer,49,908,defer
519,allow,47,835,allow
520,floor,28,416,-
520,defer,48,842,defer
520,allow,64,711,allow
521,floor,30,886,-
521,defer,47,044,defer
521,allow,62,136,allow
522,floor,324,98,-
522,defer,52,191,defer
522,allow,47,086,allow
523,floor,29,036,-
523,defer,49,608,defer
523,allow,47,772,allow
524,floor,29,302,-
524,defer,50,875,defer
524,allow,47,671,allow
525,floor,37,034,-
525,defer,57,775,defer
525,allow,63,77,allow
526,floor,32,531,-
526,defer,59,683,defer
526,allow,48,603,allow
527,floor,29,118,-
527,defer,48,83,defer
527,allow,64,558,allow
528,floor,31,178,-
528,defer,346,425,defer
528,allow,48,113,allow
529,floor,28,507,-
529,defer,51,625,defer
529,allow,46,253,allow
530,floor,29,005,-
530,defer,49,166,defer
530,allow,48,902,allow
531,floor,29,561,-
531,defer,62,246,defer
531,allow,345,116,allow
532,floor,28,509,-
532,defer,50,284,defer
532,allow,47,198,allow
533,floor,28,429,-
533,defer,50,63,defer
533,allow,46,487,allow
534,floor,28,498,-
534,defer,50,408,defer
534,allow,48,373,allow
535,floor,28,376,-
535,defer,49,963,defer
535,allow,47,442,allow
536,floor,29,142,-
536,defer,51,002,defer
536,allow,61,665,allow
537,floor,28,763,-
537,defer,49,602,defer
537,allow,46,121,allow
538,floor,28,133,-
538,defer,51,217,defer
538,allow,48,859,allow
539,floor,30,476,-
539,defer,46,226,defer
539,allow,47,225,allow
540,floor,28,663,-
540,defer,51,605,defer
540,allow,47,576,allow
541,floor,28,13,-
541,defer,54,262,defer
541,allow,57,883,allow
542,floor,29,075,-
542,defer,48,43,defer
542,allow,347,714,allow
543,floor,30,868,-
543,defer,63,915,defer
543,allow,63,657,allow
544,floor,32,653,-
544,defer,60,364,defer
544,allow,47,03,allow
545,floor,28,208,-
545,defer,49,161,defer
545,allow,47,546,allow
546,floor,28,961,-
546,defer,49,689,defer
546,allow,46,182,allow
547,floor,33,957,-
547,defer,60,388,defer
547,allow,48,96,allow
548,floor,320,282,-
548,defer,56,349,defer
548,allow,48,428,allow
549,floor,29,857,-
549,defer,51,691,defer
549,allow,60,244,allow
550,floor,28,832,-
550,defer,51,2,defer
550,allow,45,939,allow
551,floor,28,855,-
551,defer,48,399,defer
551,allow,48,132,allow
552,floor,28,599,-
552,defer,49,118,defer
552,allow,47,902,allow
553,floor,29,024,-
553,defer,50,148,defer
553,allow,48,633,allow
554,floor,36,545,-
554,defer,58,137,defer
554,allow,62,241,allow
555,floor,28,647,-
555,defer,49,531,defer
555,allow,47,165,allow
556,floor,28,286,-
556,defer,50,695,defer
556,allow,49,327,allow
557,floor,30,663,-
557,defer,46,617,defer
557,allow,48,567,allow
558,floor,28,686,-
558,defer,49,033,defer
558,allow,47,984,allow
559,floor,27,973,-
559,defer,49,787,defer
559,allow,48,126,allow
560,floor,28,8,-
560,defer,349,359,defer
560,allow,61,668,allow
561,floor,27,8,-
561,defer,50,132,defer
561,allow,47,731,allow
562,floor,32,255,-
562,defer,60,438,defer
562,allow,64,317,allow
563,floor,31,339,-
563,defer,60,658,defer
563,allow,46,811,allow
564,floor,28,942,-
564,defer,50,543,defer
564,allow,46,857,allow
565,floor,28,852,-
565,defer,49,446,defer
565,allow,46,416,allow
566,floor,28,952,-
566,defer,50,124,defer
566,allow,378,893,allow
567,floor,31,378,-
567,defer,61,746,defer
567,allow,48,334,allow
568,floor,30,648,-
568,defer,46,894,defer
568,allow,49,119,allow
569,floor,28,368,-
569,defer,49,627,defer
569,allow,349,245,allow
570,floor,29,459,-
570,defer,50,696,defer
570,allow,62,17,allow
571,floor,28,991,-
571,defer,50,023,defer
571,allow,64,209,allow
572,floor,29,862,-
572,defer,62,23,defer
572,allow,47,686,allow
573,floor,29,211,-
573,defer,49,666,defer
573,allow,47,602,allow
574,floor,29,035,-
574,defer,50,176,defer
574,allow,48,292,allow
575,floor,28,556,-
575,defer,49,586,defer
575,allow,47,154,allow
576,floor,28,437,-
576,defer,51,087,defer
576,allow,46,776,allow
577,floor,29,101,-
577,defer,48,133,defer
577,allow,61,747,allow
578,floor,29,056,-
578,defer,48,326,defer
578,allow,46,498,allow
579,floor,28,822,-
579,defer,50,009,defer
579,allow,64,072,allow
580,floor,31,766,-
580,defer,61,366,defer
580,allow,330,729,allow
581,floor,29,311,-
581,defer,49,568,defer
581,allow,47,798,allow
582,floor,28,415,-
582,defer,50,665,defer
582,allow,47,041,allow
583,floor,37,224,-
583,defer,56,723,defer
583,allow,62,602,allow
584,floor,29,461,-
584,defer,47,762,defer
584,allow,48,026,allow
585,floor,31,063,-
585,defer,48,291,defer
585,allow,63,428,allow
586,floor,28,874,-
586,defer,332,913,defer
586,allow,47,9,allow
587,floor,28,407,-
587,defer,50,695,defer
587,allow,47,858,allow
588,floor,28,712,-
588,defer,50,254,defer
588,allow,49,645,allow
589,floor,29,258,-
589,defer,46,414,defer
589,allow,48,256,allow
590,floor,28,761,-
590,defer,50,562,defer
590,allow,62,47,allow
591,floor,28,369,-
591,defer,49,094,defer
591,allow,48,628,allow
592,floor,28,306,-
592,defer,48,902,defer
592,allow,46,828,allow
593,floor,28,886,-
593,defer,50,642,defer
593,allow,46,939,allow
594,floor,28,581,-
594,defer,50,184,defer
594,allow,47,496,allow
595,floor,30,224,-
595,defer,48,426,defer
595,allow,60,679,allow
596,floor,29,937,-
596,defer,46,964,defer
596,allow,47,851,allow
597,floor,33,193,-
597,defer,59,45,defer
597,allow,47,269,allow
598,floor,32,333,-
598,defer,363,158,defer
598,allow,48,448,allow
599,floor,28,905,-
599,defer,48,724,defer
599,allow,46,694,allow
600,floor,29,001,-
600,defer,49,764,defer
600,allow,47,536,allow
601,floor,29,033,-
601,defer,48,266,defer
601,allow,49,01,allow
602,floor,29,856,-
602,defer,48,638,defer
602,allow,62,306,allow
603,floor,30,94,-
603,defer,63,263,defer
603,allow,64,943,allow
604,floor,32,793,-
604,defer,58,198,defer
604,allow,332,95,allow
605,floor,28,99,-
605,defer,47,591,defer
605,allow,48,379,allow
606,floor,28,324,-
606,defer,50,285,defer
606,allow,47,649,allow
607,floor,29,034,-
607,defer,50,686,defer
607,allow,63,229,allow
608,floor,326,453,-
608,defer,52,333,defer
608,allow,46,745,allow
609,floor,28,469,-
609,defer,50,892,defer
609,allow,47,38,allow
610,floor,28,859,-
610,defer,49,867,defer
610,allow,47,881,allow
611,floor,29,189,-
611,defer,48,259,defer
611,allow,47,789,allow
612,floor,37,127,-
612,defer,57,561,defer
612,allow,47,285,allow
613,floor,29,379,-
613,defer,48,512,defer
613,allow,48,354,allow
614,floor,30,512,-
614,defer,60,495,defer
614,allow,47,789,allow
615,floor,29,33,-
615,defer,50,882,defer
615,allow,57,636,allow
616,floor,29,471,-
616,defer,47,984,defer
616,allow,49,611,allow
617,floor,30,984,-
617,defer,61,702,defer
617,allow,62,336,allow
618,floor,30,987,-
618,defer,46,698,defer
618,allow,47,833,allow
619,floor,338,061,-
619,defer,54,643,defer
619,allow,46,415,allow
620,floor,28,724,-
620,defer,49,603,defer
620,allow,47,399,allow
621,floor,28,529,-
621,defer,49,422,defer
621,allow,46,608,allow
622,floor,28,709,-
622,defer,49,471,defer
622,allow,47,716,allow
623,floor,29,246,-
623,defer,48,48,defer
623,allow,46,435,allow
624,floor,28,958,-
624,defer,49,836,defer
624,allow,347,265,allow
625,floor,31,204,-
625,defer,45,706,defer
625,allow,48,056,allow
626,floor,28,846,-
626,defer,48,905,defer
626,allow,62,35,allow
627,floor,32,797,-
627,defer,59,508,defer
627,allow,45,692,allow
628,floor,29,433,-
628,defer,48,776,defer
628,allow,47,487,allow
629,floor,28,774,-
629,defer,50,006,defer
629,allow,47,822,allow
630,floor,28,804,-
630,defer,48,407,defer
630,allow,49,054,allow
631,floor,30,281,-
631,defer,62,115,defer
631,allow,46,996,allow
632,floor,30,379,-
632,defer,63,577,defer
632,allow,45,847,allow
633,floor,28,198,-
633,defer,53,523,defer
633,allow,61,68,allow
634,floor,29,051,-
634,defer,48,581,defer
634,allow,47,215,allow
635,floor,35,409,-
635,defer,60,277,defer
635,allow,46,748,allow
636,floor,28,624,-
636,defer,64,645,defer
636,allow,332,325,allow
637,floor,30,08,-
637,defer,49,465,defer
637,allow,62,977,allow
638,floor,28,11,-
638,defer,48,178,defer
638,allow,60,957,allow
639,floor,28,506,-
639,defer,48,829,defer
639,allow,49,076,allow
640,floor,29,131,-
640,defer,47,591,defer
640,allow,46,682,allow
641,floor,28,596,-
641,defer,49,016,defer
641,allow,47,516,allow
642,floor,42,472,-
642,defer,51,991,defer
642,allow,46,688,allow
643,floor,370,988,-
643,defer,53,676,defer
643,allow,48,41,allow
644,floor,29,066,-
644,defer,49,424,defer
644,allow,46,795,allow
645,floor,28,706,-
645,defer,50,394,defer
645,allow,47,578,allow
646,floor,28,143,-
646,defer,48,173,defer
646,allow,48,084,allow
647,floor,27,888,-
647,defer,50,924,defer
647,allow,48,294,allow
648,floor,28,178,-
648,defer,49,44,defer
648,allow,62,313,allow
649,floor,29,384,-
649,defer,47,596,defer
649,allow,63,258,allow
650,floor,35,287,-
650,defer,62,477,defer
650,allow,59,032,allow
651,floor,28,927,-
651,defer,49,54,defer
651,allow,48,131,allow
652,floor,28,241,-
652,defer,48,615,defer
652,allow,46,78,allow
653,floor,28,756,-
653,defer,48,961,defer
653,allow,47,979,allow
654,floor,33,514,-
654,defer,59,588,defer
654,allow,47,592,allow
655,floor,28,575,-
655,defer,50,596,defer
655,allow,348,854,allow
656,floor,28,94,-
656,defer,48,272,defer
656,allow,48,275,allow
657,floor,28,64,-
657,defer,49,268,defer
657,allow,46,694,allow
658,floor,28,093,-
658,defer,51,093,defer
658,allow,47,687,allow
659,floor,28,17,-
659,defer,49,433,defer
659,allow,62,15,allow
660,floor,30,094,-
660,defer,48,637,defer
660,allow,48,485,allow
661,floor,28,89,-
661,defer,49,974,defer
661,allow,61,718,allow
662,floor,343,182,-
662,defer,60,864,defer
662,allow,46,736,allow
663,floor,28,807,-
663,defer,50,358,defer
663,allow,47,913,allow
664,floor,30,102,-
664,defer,48,401,defer
664,allow,46,514,allow
665,floor,28,476,-
665,defer,48,921,defer
665,allow,47,324,allow
666,floor,28,918,-
666,defer,46,729,defer
666,allow,48,761,allow
667,floor,32,91,-
667,defer,59,545,defer
667,allow,49,344,allow
668,floor,30,119,-
668,defer,59,746,defer
668,allow,48,238,allow
669,floor,29,293,-
669,defer,48,13,defer
669,allow,47,27,allow
670,floor,28,582,-
670,defer,48,647,defer
670,allow,47,994,allow
671,floor,28,938,-
671,defer,49,119,defer
671,allow,47,687,allow
672,floor,29,09,-
672,defer,48,191,defer
672,allow,46,962,allow
673,floor,28,838,-
673,defer,48,976,defer
673,allow,47,599,allow
674,floor,29,862,-
674,defer,366,806,defer
674,allow,46,989,allow
675,floor,37,418,-
675,defer,56,098,defer
675,allow,46,593,allow
676,floor,28,886,-
676,defer,50,623,defer
676,allow,47,643,allow
677,floor,28,586,-
677,defer,50,469,defer
677,allow,46,956,allow
678,floor,28,64,-
678,defer,49,508,defer
678,allow,50,554,allow
679,floor,28,748,-
679,defer,48,2,defer
679,allow,48,084,allow
680,floor,30,206,-
680,defer,48,982,defer
680,allow,343,284,allow
681,floor,29,826,-
681,defer,50,892,defer
681,allow,46,783,allow
682,floor,28,404,-
682,defer,51,174,defer
682,allow,47,194,allow
683,floor,30,008,-
683,defer,50,305,defer
683,allow,395,633,allow
684,floor,31,502,-
684,defer,61,774,defer
684,allow,46,409,allow
685,floor,30,542,-
685,defer,49,408,defer
685,allow,62,764,allow
686,floor,28,947,-
686,defer,49,524,defer
686,allow,47,521,allow
687,floor,28,658,-
687,defer,46,897,defer
687,allow,48,262,allow
688,floor,28,724,-
688,defer,49,925,defer
688,allow,47,734,allow
689,floor,28,757,-
689,defer,49,584,defer
689,allow,47,836,allow
690,floor,29,13,-
690,defer,52,306,defer
690,allow,59,342,allow
691,floor,29,037,-
691,defer,49,038,defer
691,allow,63,134,allow
692,floor,28,848,-
692,defer,51,586,defer
692,allow,61,051,allow
693,floor,28,341,-
693,defer,49,554,defer
693,allow,62,921,allow
694,floor,28,389,-
694,defer,50,706,defer
694,allow,48,422,allow
695,floor,311,201,-
695,defer,48,504,defer
695,allow,48,102,allow
696,floor,29,02,-
696,defer,50,394,defer
696,allow,63,289,allow
697,floor,30,97,-
697,defer,48,796,defer
697,allow,47,218,allow
698,floor,28,789,-
698,defer,47,268,defer
698,allow,48,412,allow
699,floor,29,174,-
699,defer,48,92,defer
699,allow,47,752,allow
700,floor,29,019,-
700,defer,48,523,defer
700,allow,49,336,allow
701,floor,310,497,-
701,defer,50,728,defer
701,allow,48,595,allow
702,floor,36,931,-
702,defer,59,34,defer
702,allow,62,29,allow
703,floor,29,601,-
703,defer,47,586,defer
703,allow,47,964,allow
704,floor,37,241,-
704,defer,57,741,defer
704,allow,46,785,allow
705,floor,28,433,-
705,defer,51,005,defer
705,allow,46,523,allow
706,floor,28,618,-
706,defer,50,644,defer
706,allow,47,597,allow
707,floor,29,827,-
707,defer,63,186,defer
707,allow,47,078,allow
708,floor,29,429,-
708,defer,49,333,defer
708,allow,47,103,allow
709,floor,30,875,-
709,defer,63,861,defer
709,allow,61,402,allow
710,floor,33,105,-
710,defer,59,749,defer
710,allow,62,616,allow
711,floor,29,936,-
711,defer,48,166,defer
711,allow,46,978,allow
712,floor,29,22,-
712,defer,49,541,defer
712,allow,46,874,allow
713,floor,28,561,-
713,defer,333,232,defer
713,allow,47,77,allow
714,floor,28,411,-
714,defer,49,428,defer
714,allow,64,604,allow
715,floor,32,597,-
715,defer,60,441,defer
715,allow,48,6,allow
716,floor,28,673,-
716,defer,48,028,defer
716,allow,48,178,allow
717,floor,28,334,-
717,defer,50,425,defer
717,allow,48,208,allow
718,floor,28,831,-
718,defer,50,245,defer
718,allow,48,372,allow
719,floor,29,761,-
719,defer,49,142,defer
719,allow,367,726,allow
720,floor,32,41,-
720,defer,59,243,defer
720,allow,51,384,allow
721,floor,30,644,-
721,defer,61,029,defer
721,allow,46,582,allow
722,floor,29,614,-
722,defer,48,368,defer
722,allow,63,64,allow
723,floor,30,026,-
723,defer,49,411,defer
723,allow,50,657,allow
724,floor,29,287,-
724,defer,46,027,defer
724,allow,47,577,allow
725,floor,30,717,-
725,defer,62,416,defer
725,allow,46,956,allow
726,floor,28,989,-
726,defer,48,514,defer
726,allow,47,461,allow
727,floor,30,052,-
727,defer,66,829,defer
727,allow,62,634,allow
728,floor,28,702,-
728,defer,52,985,defer
728,allow,58,669,allow
729,floor,28,7,-
729,defer,50,292,defer
729,allow,47,09,allow
730,floor,28,829,-
730,defer,51,104,defer
730,allow,47,015,allow
731,floor,28,418,-
731,defer,50,145,defer
731,allow,47,488,allow
732,floor,312,25,-
732,defer,48,797,defer
732,allow,62,961,allow
733,floor,29,961,-
733,defer,48,212,defer
733,allow,47,399,allow
734,floor,28,694,-
734,defer,52,246,defer
734,allow,61,008,allow
735,floor,37,042,-
735,defer,54,704,defer
735,allow,47,282,allow
736,floor,30,1,-
736,defer,66,308,defer
736,allow,60,454,allow
737,floor,28,668,-
737,defer,50,697,defer
737,allow,48,099,allow
738,floor,30,36,-
738,defer,377,965,defer
738,allow,62,004,allow
739,floor,29,791,-
739,defer,47,261,defer
739,allow,50,294,allow
740,floor,29,646,-
740,defer,46,5,defer
740,allow,47,656,allow
741,floor,28,941,-
741,defer,48,945,defer
741,allow,64,268,allow
742,floor,30,976,-
742,defer,63,122,defer
742,allow,63,882,allow
743,floor,31,049,-
743,defer,63,023,defer
743,allow,47,875,allow
744,floor,29,779,-
744,defer,65,108,defer
744,allow,60,184,allow
745,floor,31,609,-
745,defer,62,323,defer
745,allow,62,193,allow
746,floor,28,43,-
746,defer,50,026,defer
746,allow,48,037,allow
747,floor,33,892,-
747,defer,61,196,defer
747,allow,47,1,allow
748,floor,28,05,-
748,defer,51,183,defer
748,allow,47,019,allow
749,floor,28,237,-
749,defer,49,372,defer
749,allow,47,749,allow
750,floor,28,509,-
750,defer,50,471,defer
750,allow,346,406,allow
751,floor,28,115,-
751,defer,49,177,defer
751,allow,47,992,allow
752,floor,29,466,-
752,defer,47,293,defer
752,allow,64,129,allow
753,floor,28,823,-
753,defer,49,718,defer
753,allow,46,758,allow
754,floor,28,465,-
754,defer,48,916,defer
754,allow,48,393,allow
755,floor,27,988,-
755,defer,51,204,defer
755,allow,47,114,allow
756,floor,28,366,-
756,defer,48,448,defer
756,allow,48,92,allow
757,floor,353,452,-
757,defer,53,908,defer
757,allow,46,353,allow
758,floor,28,663,-
758,defer,52,84,defer
758,allow,59,902,allow
759,floor,28,598,-
759,defer,49,971,defer
759,allow,47,217,allow
760,floor,28,525,-
760,defer,49,179,defer
760,allow,48,909,allow
761,floor,28,374,-
761,defer,49,71,defer
761,allow,48,231,allow
762,floor,28,144,-
762,defer,52,634,defer
762,allow,60,717,allow
763,floor,30,25,-
763,defer,48,234,defer
763,allow,47,813,allow
764,floor,28,152,-
764,defer,51,056,defer
764,allow,47,882,allow
765,floor,28,513,-
765,defer,49,47,defer
765,allow,48,378,allow
766,floor,37,677,-
766,defer,57,758,defer
766,allow,61,186,allow
767,floor,39,971,-
767,defer,58,501,defer
767,allow,62,788,allow
768,floor,33,3,-
768,defer,56,925,defer
768,allow,46,856,allow
769,floor,28,259,-
769,defer,51,08,defer
769,allow,344,171,allow
770,floor,29,216,-
770,defer,48,019,defer
770,allow,48,47,allow
771,floor,28,431,-
771,defer,49,348,defer
771,allow,63,339,allow
772,floor,29,592,-
772,defer,50,478,defer
772,allow,63,359,allow
773,floor,29,741,-
773,defer,62,292,defer
773,allow,63,964,allow
774,floor,29,942,-
774,defer,63,391,defer
774,allow,64,444,allow
775,floor,37,395,-
775,defer,54,698,defer
775,allow,47,439,allow
776,floor,319,525,-
776,defer,45,881,defer
776,allow,48,626,allow
777,floor,28,413,-
777,defer,48,578,defer
777,allow,47,093,allow
778,floor,28,294,-
778,defer,49,23,defer
778,allow,48,89,allow
779,floor,28,396,-
779,defer,365,311,defer
779,allow,59,878,allow
780,floor,28,669,-
780,defer,49,299,defer
780,allow,62,943,allow
781,floor,28,176,-
781,defer,49,239,defer
781,allow,47,704,allow
782,floor,30,157,-
782,defer,49,671,defer
782,allow,61,816,allow
783,floor,28,875,-
783,defer,47,345,defer
783,allow,48,739,allow
784,floor,28,465,-
784,defer,48,277,defer
784,allow,48,464,allow
785,floor,30,353,-
785,defer,62,283,defer
785,allow,64,001,allow
786,floor,31,086,-
786,defer,46,201,defer
786,allow,47,085,allow
787,floor,29,437,-
787,defer,46,678,defer
787,allow,48,354,allow
788,floor,28,867,-
788,defer,48,189,defer
788,allow,47,714,allow
789,floor,28,559,-
789,defer,50,151,defer
789,allow,48,195,allow
790,floor,28,868,-
790,defer,347,418,defer
790,allow,65,383,allow
791,floor,31,258,-
791,defer,60,623,defer
791,allow,49,476,allow
792,floor,29,799,-
792,defer,46,399,defer
792,allow,62,372,allow
793,floor,29,499,-
793,defer,48,449,defer
793,allow,47,786,allow
794,floor,37,067,-
794,defer,55,598,defer
794,allow,47,829,allow
795,floor,30,704,-
795,defer,46,575,defer
795,allow,47,332,allow
796,floor,323,145,-
796,defer,52,65,defer
796,allow,62,596,allow
797,floor,28,838,-
797,defer,46,624,defer
797,allow,48,931,allow
798,floor,29,234,-
798,defer,48,243,defer
798,allow,47,817,allow
799,floor,28,858,-
799,defer,49,538,defer
799,allow,48,004,allow
800,floor,30,926,-
800,defer,61,179,defer
800,allow,62,275,allow
801,floor,31,496,-
801,defer,46,296,defer
801,allow,61,157,allow
802,floor,29,704,-
802,defer,49,084,defer
802,allow,52,423,allow
803,floor,31,443,-
803,defer,58,447,defer
803,allow,63,657,allow
804,floor,31,576,-
804,defer,60,865,defer
804,allow,47,494,allow
805,floor,28,599,-
805,defer,49,167,defer
805,allow,49,161,allow
806,floor,28,349,-
806,defer,48,92,defer
806,allow,46,75,allow
807,floor,28,851,-
807,defer,51,291,defer
807,allow,46,931,allow
808,floor,29,377,-
808,defer,334,592,defer
808,allow,63,985,allow
809,floor,36,904,-
809,defer,54,566,defer
809,allow,62,528,allow
810,floor,29,128,-
810,defer,50,963,defer
810,allow,48,328,allow
811,floor,30,102,-
811,defer,63,526,defer
811,allow,47,108,allow
812,floor,28,905,-
812,defer,49,876,defer
812,allow,47,449,allow
813,floor,28,385,-
813,defer,48,959,defer
813,allow,47,801,allow
814,floor,28,982,-
814,defer,49,14,defer
814,allow,375,407,allow
815,floor,28,82,-
815,defer,48,237,defer
815,allow,47,656,allow
816,floor,29,706,-
816,defer,46,176,defer
816,allow,46,662,allow
817,floor,30,73,-
817,defer,63,648,defer
817,allow,64,75,allow
818,floor,30,771,-
818,defer,61,784,defer
818,allow,48,304,allow
819,floor,28,936,-
819,defer,47,539,defer
819,allow,48,028,allow
820,floor,28,609,-
820,defer,47,692,defer
820,allow,49,046,allow
821,floor,32,324,-
821,defer,59,771,defer
821,allow,47,23,allow
822,floor,30,115,-
822,defer,47,649,defer
822,allow,47,581,allow
823,floor,29,843,-
823,defer,62,685,defer
823,allow,46,419,allow
824,floor,28,848,-
824,defer,96,084,defer
824,allow,47,982,allow
825,floor,37,057,-
825,defer,57,775,defer
825,allow,46,846,allow
826,floor,28,526,-
826,defer,49,01,defer
826,allow,47,868,allow
827,floor,373,613,-
827,defer,52,078,defer
827,allow,46,468,allow
828,floor,28,486,-
828,defer,48,546,defer
828,allow,47,312,allow
829,floor,28,366,-
829,defer,50,772,defer
829,allow,47,635,allow
830,floor,27,988,-
830,defer,50,87,defer
830,allow,48,839,allow
831,floor,28,68,-
831,defer,49,547,defer
831,allow,48,734,allow
832,floor,30,735,-
832,defer,63,19,defer
832,allow,63,245,allow
833,floor,30,955,-
833,defer,62,735,defer
833,allow,345,332,allow
834,floor,27,908,-
834,defer,49,159,defer
834,allow,47,612,allow
835,floor,27,902,-
835,defer,51,108,defer
835,allow,47,334,allow
836,floor,28,345,-
836,defer,49,453,defer
836,allow,47,187,allow
837,floor,28,339,-
837,defer,48,84,defer
837,allow,46,682,allow
838,floor,28,822,-
838,defer,50,172,defer
838,allow,62,211,allow
839,floor,29,583,-
839,defer,47,893,defer
839,allow,47,866,allow
840,floor,33,816,-
840,defer,58,862,defer
840,allow,47,682,allow
841,floor,28,35,-
841,defer,49,528,defer
841,allow,63,05,allow
842,floor,27,942,-
842,defer,49,744,defer
842,allow,47,448,allow
843,floor,27,501,-
843,defer,49,485,defer
843,allow,48,868,allow
844,floor,27,92,-
844,defer,49,411,defer
844,allow,48,474,allow
845,floor,28,251,-
845,defer,49,549,defer
845,allow,48,005,allow
846,floor,30,023,-
846,defer,344,827,defer
846,allow,48,092,allow
847,floor,28,15,-
847,defer,48,957,defer
847,allow,48,122,allow
848,floor,28,838,-
848,defer,47,834,defer
848,allow,47,484,allow
849,floor,28,696,-
849,defer,49,711,defer
849,allow,47,851,allow
850,floor,29,016,-
850,defer,49,502,defer
850,allow,47,502,allow
851,floor,29,047,-
851,defer,49,482,defer
851,allow,63,513,allow
852,floor,31,922,-
852,defer,62,68,defer
852,allow,328,487,allow
853,floor,28,092,-
853,defer,50,478,defer
853,allow,47,988,allow
854,floor,36,306,-
854,defer,57,003,defer
854,allow,48,425,allow
855,floor,27,912,-
855,defer,49,693,defer
855,allow,47,227,allow
856,floor,27,841,-
856,defer,51,396,defer
856,allow,48,261,allow
857,floor,29,798,-
857,defer,46,773,defer
857,allow,48,072,allow
858,floor,30,346,-
858,defer,46,927,defer
858,allow,48,612,allow
859,floor,27,64,-
859,defer,50,86,defer
859,allow,49,042,allow
860,floor,30,17,-
860,defer,50,432,defer
860,allow,61,514,allow
861,floor,28,279,-
861,defer,48,977,defer
861,allow,47,118,allow
862,floor,28,48,-
862,defer,49,359,defer
862,allow,48,542,allow
863,floor,28,538,-
863,defer,49,685,defer
863,allow,45,894,allow
864,floor,30,359,-
864,defer,48,717,defer
864,allow,47,97,allow
865,floor,29,913,-
865,defer,381,942,defer
865,allow,62,14,allow
866,floor,30,293,-
866,defer,48,902,defer
866,allow,48,442,allow
867,floor,29,696,-
867,defer,48,175,defer
867,allow,63,13,allow
868,floor,28,888,-
868,defer,48,233,defer
868,allow,62,36,allow
869,floor,27,875,-
869,defer,52,717,defer
869,allow,63,567,allow
870,floor,28,759,-
870,defer,49,36,defer
870,allow,48,244,allow
871,floor,31,32,-
871,defer,348,315,defer
871,allow,60,236,allow
872,floor,28,242,-
872,defer,49,653,defer
872,allow,48,058,allow
873,floor,29,094,-
873,defer,48,176,defer
873,allow,48,426,allow
874,floor,28,053,-
874,defer,50,513,defer
874,allow,49,495,allow
875,floor,30,438,-
875,defer,47,504,defer
875,allow,47,659,allow
876,floor,29,607,-
876,defer,48,914,defer
876,allow,63,194,allow
877,floor,28,639,-
877,defer,49,699,defer
877,allow,46,8,allow
878,floor,27,81,-
878,defer,50,544,defer
878,allow,51,779,allow
879,floor,28,306,-
879,defer,46,22,defer
879,allow,47,612,allow
880,floor,27,916,-
880,defer,51,237,defer
880,allow,46,754,allow
881,floor,28,367,-
881,defer,50,723,defer
881,allow,47,536,allow
882,floor,29,608,-
882,defer,48,129,defer
882,allow,48,106,allow
883,floor,31,19,-
883,defer,61,662,defer
883,allow,48,627,allow
884,floor,325,706,-
884,defer,53,412,defer
884,allow,46,93,allow
885,floor,28,437,-
885,defer,48,71,defer
885,allow,47,503,allow
886,floor,36,265,-
886,defer,57,937,defer
886,allow,48,208,allow
887,floor,28,032,-
887,defer,50,403,defer
887,allow,47,599,allow
888,floor,29,778,-
888,defer,49,083,defer
888,allow,46,442,allow
889,floor,29,85,-
889,defer,47,442,defer
889,allow,61,509,allow
890,floor,28,758,-
890,defer,348,879,defer
890,allow,47,335,allow
891,floor,28,638,-
891,defer,49,956,defer
891,allow,48,298,allow
892,floor,28,356,-
892,defer,49,544,defer
892,allow,47,662,allow
893,floor,29,391,-
893,defer,50,258,defer
893,allow,63,777,allow
894,floor,28,39,-
894,defer,50,228,defer
894,allow,46,579,allow
895,floor,30,944,-
895,defer,48,553,defer
895,allow,47,88,allow
896,floor,28,424,-
896,defer,49,635,defer
896,allow,48,333,allow
897,floor,28,359,-
897,defer,48,796,defer
897,allow,48,039,allow
898,floor,27,937,-
898,defer,50,428,defer
898,allow,47,122,allow
899,floor,27,987,-
899,defer,51,347,defer
899,allow,47,969,allow
900,floor,28,994,-
900,defer,48,895,defer
900,allow,48,623,allow
901,floor,30,873,-
901,defer,63,652,defer
901,allow,45,886,allow
902,floor,28,642,-
902,defer,51,313,defer
902,allow,62,932,allow
903,floor,325,77,-
903,defer,65,974,defer
903,allow,46,533,allow
904,floor,29,637,-
904,defer,48,974,defer
904,allow,47,93,allow
905,floor,28,408,-
905,defer,49,969,defer
905,allow,49,013,allow
906,floor,28,931,-
906,defer,48,839,defer
906,allow,62,7,allow
907,floor,28,168,-
907,defer,50,297,defer
907,allow,48,959,allow
908,floor,29,748,-
908,defer,58,938,defer
908,allow,47,94,allow
909,floor,28,269,-
909,defer,333,921,defer
909,allow,48,428,allow
910,floor,28,55,-
910,defer,48,83,defer
910,allow,48,758,allow
911,floor,28,408,-
911,defer,50,205,defer
911,allow,61,522,allow
912,floor,31,762,-
912,defer,46,188,defer
912,allow,344,604,allow
913,floor,28,467,-
913,defer,49,016,defer
913,allow,48,132,allow
914,floor,28,359,-
914,defer,49,801,defer
914,allow,46,938,allow
915,floor,28,399,-
915,defer,47,908,defer
915,allow,48,234,allow
916,floor,36,608,-
916,defer,56,837,defer
916,allow,48,486,allow
917,floor,29,79,-
917,defer,48,081,defer
917,allow,65,933,allow
918,floor,28,967,-
918,defer,46,546,defer
918,allow,47,902,allow
919,floor,28,879,-
919,defer,47,434,defer
919,allow,48,789,allow
920,floor,27,898,-
920,defer,50,325,defer
920,allow,47,749,allow
921,floor,29,183,-
921,defer,48,532,defer
921,allow,48,477,allow
922,floor,27,948,-
922,defer,50,66,defer
922,allow,51,442,allow
923,floor,28,371,-
923,defer,47,16,defer
923,allow,48,383,allow
924,floor,314,1,-
924,defer,48,399,defer
924,allow,48,112,allow
925,floor,28,374,-
925,defer,49,464,defer
925,allow,47,993,allow
926,floor,28,855,-
926,defer,47,55,defer
926,allow,47,798,allow
927,floor,28,839,-
927,defer,49,317,defer
927,allow,47,472,allow
928,floor,28,606,-
928,defer,49,574,defer
928,allow,49,321,allow
929,floor,28,634,-
929,defer,47,484,defer
929,allow,380,317,allow
930,floor,30,017,-
930,defer,45,327,defer
930,allow,48,754,allow
931,floor,27,989,-
931,defer,50,36,defer
931,allow,47,178,allow
932,floor,28,161,-
932,defer,51,59,defer
932,allow,63,071,allow
933,floor,28,672,-
933,defer,63,038,defer
933,allow,47,536,allow
934,floor,28,217,-
934,defer,51,647,defer
934,allow,45,855,allow
935,floor,28,19,-
935,defer,52,031,defer
935,allow,47,98,allow
936,floor,29,204,-
936,defer,48,761,defer
936,allow,49,042,allow
937,floor,29,434,-
937,defer,46,793,defer
937,allow,46,245,allow
938,floor,28,506,-
938,defer,49,145,defer
938,allow,48,432,allow
939,floor,29,413,-
939,defer,65,824,defer
939,allow,62,804,allow
940,floor,29,678,-
940,defer,47,622,defer
940,allow,48,017,allow
941,floor,28,063,-
941,defer,50,66,defer
941,allow,47,741,allow
942,floor,306,162,-
942,defer,56,706,defer
942,allow,49,091,allow
943,floor,30,881,-
943,defer,61,927,defer
943,allow,48,411,allow
944,floor,29,217,-
944,defer,49,046,defer
944,allow,47,924,allow
945,floor,28,756,-
945,defer,51,54,defer
945,allow,46,422,allow
946,floor,28,996,-
946,defer,49,935,defer
946,allow,48,016,allow
947,floor,29,905,-
947,defer,48,043,defer
947,allow,51,611,allow
948,floor,321,782,-
948,defer,53,762,defer
948,allow,48,438,allow
949,floor,31,973,-
949,defer,59,78,defer
949,allow,48,146,allow
950,floor,29,406,-
950,defer,50,248,defer
950,allow,48,allow
951,floor,29,03,-
951,defer,50,087,defer
951,allow,46,973,allow
952,floor,29,256,-
952,defer,47,596,defer
952,allow,48,476,allow
953,floor,32,7,-
953,defer,59,994,defer
953,allow,48,414,allow
954,floor,30,533,-
954,defer,63,137,defer
954,allow,46,873,allow
955,floor,28,333,-
955,defer,51,237,defer
955,allow,47,111,allow
956,floor,28,962,-
956,defer,47,876,defer
956,allow,48,478,allow
957,floor,28,779,-
957,defer,49,255,defer
957,allow,47,527,allow
958,floor,28,377,-
958,defer,50,719,defer
958,allow,47,773,allow
959,floor,28,011,-
959,defer,50,814,defer
959,allow,46,88,allow
960,floor,28,158,-
960,defer,352,361,defer
960,allow,48,057,allow
961,floor,28,277,-
961,defer,53,36,defer
961,allow,60,327,allow
962,floor,30,161,-
962,defer,63,11,defer
962,allow,47,324,allow
963,floor,28,302,-
963,defer,48,557,defer
963,allow,47,471,allow
964,floor,27,831,-
964,defer,52,051,defer
964,allow,48,037,allow
965,floor,28,324,-
965,defer,64,341,defer
965,allow,47,509,allow
966,floor,27,975,-
966,defer,50,798,defer
966,allow,333,343,allow
967,floor,28,484,-
967,defer,50,877,defer
967,allow,62,546,allow
968,floor,28,437,-
968,defer,49,07,defer
968,allow,46,846,allow
969,floor,27,972,-
969,defer,50,489,defer
969,allow,47,478,allow
970,floor,28,152,-
970,defer,48,776,defer
970,allow,47,516,allow
971,floor,28,037,-
971,defer,51,481,defer
971,allow,46,625,allow
972,floor,28,076,-
972,defer,51,427,defer
972,allow,47,838,allow
973,floor,29,874,-
973,defer,48,415,defer
973,allow,46,777,allow
974,floor,27,839,-
974,defer,51,122,defer
974,allow,48,854,allow
975,floor,28,566,-
975,defer,49,012,defer
975,allow,47,584,allow
976,floor,28,675,-
976,defer,49,282,defer
976,allow,47,407,allow
977,floor,28,757,-
977,defer,49,918,defer
977,allow,47,576,allow
978,floor,28,572,-
978,defer,50,939,defer
978,allow,47,568,allow
979,floor,28,174,-
979,defer,346,544,defer
979,allow,47,685,allow
980,floor,38,624,-
980,defer,56,261,defer
980,allow,63,961,allow
981,floor,28,834,-
981,defer,45,822,defer
981,allow,47,874,allow
982,floor,28,398,-
982,defer,48,929,defer
982,allow,48,565,allow
983,floor,27,791,-
983,defer,50,941,defer
983,allow,48,099,allow
984,floor,28,12,-
984,defer,49,76,defer
984,allow,47,891,allow
985,floor,28,375,-
985,defer,48,975,defer
985,allow,48,881,allow
986,floor,306,24,-
986,defer,58,82,defer
986,allow,50,643,allow
987,floor,28,097,-
987,defer,45,551,defer
987,allow,47,684,allow
988,floor,27,631,-
988,defer,51,07,defer
988,allow,48,827,allow
989,floor,27,843,-
989,defer,49,185,defer
989,allow,46,792,allow
990,floor,27,889,-
990,defer,50,294,defer
990,allow,47,314,allow
991,floor,27,948,-
991,defer,51,686,defer
991,allow,47,651,allow
992,floor,28,918,-
992,defer,49,141,defer
992,allow,49,151,allow
993,floor,28,614,-
993,defer,48,807,defer
993,allow,48,889,allow
994,floor,29,65,-
994,defer,49,069,defer
994,allow,47,065,allow
995,floor,28,214,-
995,defer,50,533,defer
995,allow,46,363,allow
996,floor,27,865,-
996,defer,48,958,defer
996,allow,47,764,allow
997,floor,28,165,-
997,defer,51,285,defer
997,allow,63,518,allow
998,floor,28,104,-
998,defer,335,097,defer
998,allow,47,707,allow
999,floor,28,341,-
999,defer,49,069,defer
999,allow,48,73,allow
