iter,scenario,ms
0,floor,27,214
0,defer,27,818
0,allow,27,438
1,floor,26,378
1,defer,26,988
1,allow,168,518
2,floor,27,635
2,defer,27,899
2,allow,27,861
3,floor,185,006
3,defer,28
3,allow,28,658
4,floor,189,362
4,defer,352,13
4,allow,331,085
5,floor,27,069
5,defer,27,761
5,allow,27,723
6,floor,26,242
6,defer,28,792
6,allow,29,235
7,floor,27,747
7,defer,27,168
7,allow,27,589
8,floor,27,016
8,defer,28,805
8,allow,28,354
9,floor,27,927
9,defer,29,141
9,allow,28,837
10,floor,27,748
10,defer,27,633
10,allow,28,643
11,floor,26,512
11,defer,28,195
11,allow,194,832
12,floor,39,779
12,defer,31,023
12,allow,32,318
13,floor,29,994
13,defer,33,289
13,allow,41,003
14,floor,29,04
14,defer,86,511
14,allow,30,479
15,floor,26,87
15,defer,226,644
15,allow,29,094
16,floor,27,487
16,defer,28,004
16,allow,29,445
17,floor,27,261
17,defer,191,092
17,allow,29,218
18,floor,27,632
18,defer,29,448
18,allow,197,721
19,floor,357,451
19,defer,181,331
19,allow,222,977
20,floor,341,811
20,defer,36,746
20,allow,33,44
21,floor,29,392
21,defer,31,21
21,allow,30,139
22,floor,27,909
22,defer,30,862
22,allow,30,987
23,floor,30,759
23,defer,29,279
23,allow,29,521
24,floor,27,922
24,defer,29,944
24,allow,30,344
25,floor,27,953
25,defer,29,129
25,allow,31,242
26,floor,29,733
26,defer,29,004
26,allow,29,456
27,floor,198,406
27,defer,30,022
27,allow,30,37
28,floor,27,976
28,defer,28,96
28,allow,29,379
29,floor,27,701
29,defer,29,867
29,allow,29,468
30,floor,28,912
30,defer,32,538
30,allow,30,373
31,floor,194,104
31,defer,29,71
31,allow,30,028
32,floor,29,123
32,defer,30,533
32,allow,32,736
33,floor,28,616
33,defer,29,836
33,allow,30,94
34,floor,29,532
34,defer,30,019
34,allow,30,19
35,floor,29
35,defer,30,544
35,allow,31,511
36,floor,31,68
36,defer,32,965
36,allow,33,482
37,floor,31,968
37,defer,32,38
37,allow,32,835
38,floor,30,016
38,defer,31,37
38,allow,30,92
39,floor,31,124
39,defer,33,015
39,allow,31,649
40,floor,29,118
40,defer,30,564
40,allow,34,842
41,floor,30,08
41,defer,33,903
41,allow,35,212
42,floor,31,552
42,defer,30,318
42,allow,31,757
43,floor,29,656
43,defer,31,58
43,allow,31,606
44,floor,30,187
44,defer,30,529
44,allow,30,895
45,floor,29,516
45,defer,30,346
45,allow,30,547
46,floor,39,913
46,defer,31,079
46,allow,32,034
47,floor,28,922
47,defer,31,982
47,allow,41,717
48,floor,30,451
48,defer,30,794
48,allow,207,106
49,floor,27,559
49,defer,28,035
49,allow,30,183
50,floor,27,017
50,defer,28,621
50,allow,27,896
51,floor,26,409
51,defer,27,625
51,allow,27,559
52,floor,26,322
52,defer,27,882
52,allow,28,048
53,floor,27,242
53,defer,28,342
53,allow,33,206
54,floor,25,406
54,defer,27,774
54,allow,27,847
55,floor,27,113
55,defer,27,08
55,allow,27,278
56,floor,26,256
56,defer,27,615
56,allow,28,11
57,floor,26,617
57,defer,26,575
57,allow,26,955
58,floor,27,672
58,defer,27,654
58,allow,187,624
59,floor,26,79
59,defer,28,143
59,allow,27,544
60,floor,28,18
60,defer,28,136
60,allow,28,157
61,floor,25,742
61,defer,27,165
61,allow,27,205
62,floor,27,193
62,defer,28,016
62,allow,28,266
63,floor,32,205
63,defer,26,844
63,allow,26,872
64,floor,30,508
64,defer,27,415
64,allow,166,863
65,floor,28,276
65,defer,27,295
65,allow,26,962
66,floor,26,001
66,defer,28,196
66,allow,27,778
67,floor,26,138
67,defer,27,044
67,allow,193,864
68,floor,27,638
68,defer,28,215
68,allow,29,664
69,floor,26,208
69,defer,184,198
69,allow,29,978
70,floor,29,601
70,defer,197,954
70,allow,196,858
71,floor,176,986
71,defer,331,105
71,allow,27,218
72,floor,27,844
72,defer,27,718
72,allow,29,256
73,floor,27,435
73,defer,26,864
73,allow,31,641
74,floor,27,872
74,defer,27,122
74,allow,25,912
75,floor,27,019
75,defer,27,319
75,allow,27,422
76,floor,27,97
76,defer,30,02
76,allow,27,194
77,floor,26,187
77,defer,27,395
77,allow,28,236
78,floor,27,03
78,defer,188,581
78,allow,29,214
79,floor,26,693
79,defer,28,681
79,allow,28,599
80,floor,26,939
80,defer,27,037
80,allow,27,418
81,floor,26,285
81,defer,27,928
81,allow,27,387
82,floor,26,298
82,defer,181,877
82,allow,27,855
83,floor,35,09
83,defer,27,175
83,allow,27,209
84,floor,26,366
84,defer,28,578
84,allow,37,437
85,floor,27,174
85,defer,27,544
85,allow,28,285
86,floor,27,515
86,defer,26,674
86,allow,29,497
87,floor,29,212
87,defer,31,552
87,allow,34,07
88,floor,34,678
88,defer,29,543
88,allow,31,62
89,floor,27,979
89,defer,27,665
89,allow,27,767
90,floor,26,338
90,defer,27,466
90,allow,27,498
91,floor,29,018
91,defer,28,788
91,allow,27,284
92,floor,26,95
92,defer,30,722
92,allow,28,595
93,floor,26,42
93,defer,27,877
93,allow,28,584
94,floor,30,071
94,defer,26,683
94,allow,27,296
95,floor,26,174
95,defer,30,138
95,allow,32,884
96,floor,30,125
96,defer,28,922
96,allow,27,584
97,floor,26,837
97,defer,27,889
97,allow,27,567
98,floor,27,982
98,defer,28,394
98,allow,28,573
99,floor,27,3
99,defer,27,422
99,allow,28,971
100,floor,26,283
100,defer,28,995
100,allow,28,431
101,floor,26,084
101,defer,29,202
101,allow,186,793
102,floor,26,756
102,defer,27,527
102,allow,29,074
103,floor,28,408
103,defer,27,237
103,allow,28,22
104,floor,26,556
104,defer,27,105
104,allow,32,897
105,floor,27,079
105,defer,27,598
105,allow,27,613
106,floor,26,89
106,defer,27,952
106,allow,27,461
107,floor,27,384
107,defer,27,602
107,allow,28,832
108,floor,27,023
108,defer,29,342
108,allow,32,156
109,floor,26,532
109,defer,27,876
109,allow,28,821
110,floor,28,717
110,defer,32,652
110,allow,28,194
111,floor,26,254
111,defer,27,281
111,allow,27,104
112,floor,26,648
112,defer,180,646
112,allow,27,579
113,floor,26,165
113,defer,27,209
113,allow,27,284
114,floor,25,725
114,defer,27,635
114,allow,27,688
115,floor,26,796
115,defer,27,299
115,allow,28,142
116,floor,25,578
116,defer,27,517
116,allow,28,095
117,floor,26,306
117,defer,27,836
117,allow,27,775
118,floor,25,91
118,defer,187,753
118,allow,29,136
119,floor,26,78
119,defer,26,266
119,allow,27,662
120,floor,26,694
120,defer,27,365
120,allow,27,447
121,floor,26,791
121,defer,27,522
121,allow,186,252
122,floor,26,557
122,defer,27,488
122,allow,27,415
123,floor,26,098
123,defer,27,5
123,allow,180,113
124,floor,26,972
124,defer,27,18
124,allow,189,879
125,floor,29,399
125,defer,346,983
125,allow,655,118
126,floor,37,134
126,defer,27,085
126,allow,27,716
127,floor,26,292
127,defer,27,156
127,allow,26,808
128,floor,27,762
128,defer,29,739
128,allow,29,868
129,floor,27,223
129,defer,28,18
129,allow,29,438
130,floor,27,832
130,defer,28,246
130,allow,28,736
131,floor,27,883
131,defer,28,546
131,allow,29,571
132,floor,26,884
132,defer,27,476
132,allow,188,738
133,floor,26,917
133,defer,28,522
133,allow,31,02
134,floor,27,137
134,defer,27,458
134,allow,28,111
135,floor,27,285
135,defer,28,479
135,allow,28,775
136,floor,28,443
136,defer,27,3
136,allow,26,895
137,floor,26,948
137,defer,27,367
137,allow,27,9
138,floor,27,722
138,defer,27,917
138,allow,27,638
139,floor,26,564
139,defer,27,997
139,allow,30,783
140,floor,26,957
140,defer,27,656
140,allow,28,648
141,floor,27,439
141,defer,28,479
141,allow,28,718
142,floor,27,572
142,defer,27,827
142,allow,29,26
143,floor,27,469
143,defer,29,199
143,allow,29,209
144,floor,27,423
144,defer,29,054
144,allow,29,192
145,floor,27,996
145,defer,28,696
145,allow,28,83
146,floor,26,593
146,defer,27,186
146,allow,30,045
147,floor,26,295
147,defer,30,677
147,allow,28,236
148,floor,26,074
148,defer,27,507
148,allow,28,988
149,floor,26,271
149,defer,26,927
149,allow,27,05
150,floor,26,285
150,defer,27,917
150,allow,28,334
151,floor,25,969
151,defer,27,766
151,allow,28,389
152,floor,27,349
152,defer,27,653
152,allow,27,439
153,floor,26,472
153,defer,26,847
153,allow,183,715
154,floor,26,418
154,defer,27,554
154,allow,28,088
155,floor,26,349
155,defer,32,484
155,allow,29,537
156,floor,26,91
156,defer,27,619
156,allow,28,15
157,floor,27,354
157,defer,28,586
157,allow,27,586
158,floor,28,369
158,defer,27,376
158,allow,28,112
159,floor,25,968
159,defer,27,668
159,allow,28,632
160,floor,27,414
160,defer,26,928
160,allow,27,353
161,floor,26,338
161,defer,26,959
161,allow,28,179
162,floor,26,924
162,defer,27,431
162,allow,27,802
163,floor,29,421
163,defer,29,62
163,allow,28,075
164,floor,27,832
164,defer,27,59
164,allow,27,999
165,floor,27,076
165,defer,185,995
165,allow,31,612
166,floor,27,582
166,defer,28,412
166,allow,29,151
167,floor,26,434
167,defer,31,569
167,allow,28,519
168,floor,27,157
168,defer,27,082
168,allow,27,658
169,floor,26,557
169,defer,27,769
169,allow,28,816
170,floor,27,129
170,defer,27,875
170,allow,26,562
171,floor,27,502
171,defer,27,29
171,allow,185,301
172,floor,26,492
172,defer,27,149
172,allow,28,142
173,floor,26,242
173,defer,28,456
173,allow,29,402
174,floor,26,044
174,defer,39,058
174,allow,27,875
175,floor,27,983
175,defer,200,886
175,allow,29,158
176,floor,35,949
176,defer,28,875
176,allow,28,697
177,floor,26,321
177,defer,182,098
177,allow,29,497
178,floor,27,434
178,defer,185,532
178,allow,27,725
179,floor,179,402
179,defer,191,624
179,allow,481,729
180,floor,27,05
180,defer,27,49
180,allow,27,168
181,floor,26,319
181,defer,28,587
181,allow,29,017
182,floor,26,707
182,defer,27,589
182,allow,28,388
183,floor,26,689
183,defer,26,735
183,allow,30,485
184,floor,27,369
184,defer,29,955
184,allow,29,001
185,floor,26,93
185,defer,27,515
185,allow,29,685
186,floor,27,933
186,defer,30,144
186,allow,185,743
187,floor,27,725
187,defer,28,318
187,allow,30,494
188,floor,29,469
188,defer,28,882
188,allow,29,682
189,floor,27,792
189,defer,29,547
189,allow,27,687
190,floor,26,343
190,defer,27,598
190,allow,27,899
191,floor,26,455
191,defer,27,457
191,allow,26,88
192,floor,27,008
192,defer,26,329
192,allow,27,342
193,floor,25,991
193,defer,26,624
193,allow,28,547
194,floor,27,461
194,defer,28,868
194,allow,28,159
195,floor,27,296
195,defer,27,931
195,allow,29,426
196,floor,27,477
196,defer,28,28
196,allow,28,591
197,floor,26,943
197,defer,27,522
197,allow,27,641
198,floor,26,703
198,defer,28,442
198,allow,28,587
199,floor,27,908
199,defer,28,887
199,allow,31,069
200,floor,26,766
200,defer,28,539
200,allow,28,01
201,floor,26,723
201,defer,27,578
201,allow,27,586
202,floor,25,631
202,defer,27,696
202,allow,28,1
203,floor,26,447
203,defer,28,188
203,allow,27,083
204,floor,27,028
204,defer,28,234
204,allow,28,566
205,floor,26,45
205,defer,28,213
205,allow,28,581
206,floor,27,309
206,defer,29,417
206,allow,28,092
207,floor,178,789
207,defer,27,39
207,allow,27,729
208,floor,25,844
208,defer,28,141
208,allow,27,09
209,floor,26,837
209,defer,27,11
209,allow,32,791
210,floor,26,152
210,defer,27,497
210,allow,27,475
211,floor,26,33
211,defer,27,043
211,allow,27,796
212,floor,26,48
212,defer,27,877
212,allow,27,648
213,floor,26,172
213,defer,26,984
213,allow,28,505
214,floor,26,449
214,defer,28,582
214,allow,27,4
215,floor,26,327
215,defer,37,492
215,allow,28,207
216,floor,27,023
216,defer,29,174
216,allow,30,761
217,floor,27,215
217,defer,27,814
217,allow,29,527
218,floor,189,676
218,defer,27,269
218,allow,28,084
219,floor,34,798
219,defer,27,43
219,allow,29,766
220,floor,28,515
220,defer,27,3
220,allow,27,056
221,floor,26,971
221,defer,27,474
221,allow,27,411
222,floor,27,345
222,defer,27,116
222,allow,27,028
223,floor,26,781
223,defer,28,189
223,allow,28,341
224,floor,26,047
224,defer,182,06
224,allow,29,293
225,floor,27,359
225,defer,27,564
225,allow,28,358
226,floor,26,786
226,defer,30,149
226,allow,29,034
227,floor,28,641
227,defer,29,511
227,allow,27,739
228,floor,180,689
228,defer,27,098
228,allow,31,326
229,floor,26,152
229,defer,27,921
229,allow,27,529
230,floor,180,633
230,defer,27,405
230,allow,27,875
231,floor,187,285
231,defer,27,293
231,allow,184,058
232,floor,508,18
232,defer,27,653
232,allow,28,187
233,floor,26,175
233,defer,28,234
233,allow,28,618
234,floor,26,481
234,defer,27,261
234,allow,28,383
235,floor,28,611
235,defer,29,346
235,allow,27,581
236,floor,26,219
236,defer,28,518
236,allow,27,632
237,floor,29,632
237,defer,29,669
237,allow,28,348
238,floor,26,815
238,defer,27,406
238,allow,27,936
239,floor,169,518
239,defer,27,08
239,allow,28,166
240,floor,26,748
240,defer,28,271
240,allow,27,272
241,floor,26,429
241,defer,27,414
241,allow,27,442
242,floor,27,371
242,defer,27,733
242,allow,27,568
243,floor,26,451
243,defer,27,564
243,allow,27,086
244,floor,26,909
244,defer,27,782
244,allow,28,468
245,floor,26,119
245,defer,28,995
245,allow,29,082
246,floor,26,506
246,defer,27,621
246,allow,29,589
247,floor,26,817
247,defer,31,714
247,allow,28,829
248,floor,26,821
248,defer,27,36
248,allow,27,674
249,floor,26,1
249,defer,26,403
249,allow,29,24
250,floor,25,93
250,defer,27,574
250,allow,27,855
251,floor,25,997
251,defer,27,151
251,allow,27,892
252,floor,27,099
252,defer,28,066
252,allow,27,894
253,floor,24,572
253,defer,28,086
253,allow,28,342
254,floor,26,152
254,defer,27,677
254,allow,26,926
255,floor,26,381
255,defer,27,979
255,allow,27,83
256,floor,26,287
256,defer,27,468
256,allow,39,603
257,floor,26,427
257,defer,28,941
257,allow,28,926
258,floor,26,012
258,defer,27,148
258,allow,29,146
259,floor,27,212
259,defer,30,832
259,allow,29,308
260,floor,182,632
260,defer,27,274
260,allow,27,717
261,floor,35,028
261,defer,30,824
261,allow,28,775
262,floor,26,479
262,defer,32,949
262,allow,29,222
263,floor,26,99
263,defer,28,329
263,allow,27,93
264,floor,28,091
264,defer,32,286
264,allow,30,378
265,floor,30,025
265,defer,29,846
265,allow,30,497
266,floor,28,306
266,defer,28,873
266,allow,29,242
267,floor,28,394
267,defer,29,085
267,allow,28,405
268,floor,27,555
268,defer,28,62
268,allow,30,069
269,floor,28,002
269,defer,27,293
269,allow,28,576
270,floor,25,663
270,defer,26,67
270,allow,184,959
271,floor,29,714
271,defer,131,595
271,allow,30,294
272,floor,27,8
272,defer,28,722
272,allow,29,948
273,floor,26,589
273,defer,28,153
273,allow,28,828
274,floor,27,689
274,defer,28,159
274,allow,32,531
275,floor,26,339
275,defer,26,681
275,allow,29,739
276,floor,27,621
276,defer,27,94
276,allow,186,387
277,floor,25,351
277,defer,27,405
277,allow,26,891
278,floor,27,543
278,defer,27,401
278,allow,26,924
279,floor,26,404
279,defer,27,549
279,allow,27,961
280,floor,27,118
280,defer,27,604
280,allow,27,054
281,floor,163,589
281,defer,27,449
281,allow,26,414
282,floor,25,662
282,defer,26,688
282,allow,27,473
283,floor,26,335
283,defer,189,995
283,allow,27,759
284,floor,26,562
284,defer,28,918
284,allow,183,621
285,floor,26,176
285,defer,183,026
285,allow,183,895
286,floor,329,312
286,defer,29,162
286,allow,28
287,floor,30,55
287,defer,27,824
287,allow,27,818
288,floor,27,085
288,defer,29,079
288,allow,29,218
289,floor,27,133
289,defer,28,514
289,allow,28,684
290,floor,27,27
290,defer,27,296
290,allow,27,002
291,floor,26,378
291,defer,26,913
291,allow,27,092
292,floor,27,163
292,defer,26,398
292,allow,184,579
293,floor,25,846
293,defer,27,398
293,allow,27,568
294,floor,27,08
294,defer,27,382
294,allow,37,852
295,floor,27,614
295,defer,29,15
295,allow,28,076
296,floor,27,168
296,defer,30,554
296,allow,28,271
297,floor,29,425
297,defer,28,263
297,allow,28,446
298,floor,26,15
298,defer,27,055
298,allow,28,006
299,floor,27,995
299,defer,27,199
299,allow,27,801
300,floor,25,704
300,defer,27,599
300,allow,28,15
301,floor,33,703
301,defer,27,646
301,allow,27,749
302,floor,25,25
302,defer,27,838
302,allow,27,853
303,floor,25,951
303,defer,27,322
303,allow,27,626
304,floor,26,435
304,defer,31,873
304,allow,27,566
305,floor,25,957
305,defer,27,945
305,allow,28,356
306,floor,26,76
306,defer,27,064
306,allow,28,005
307,floor,26,862
307,defer,29,437
307,allow,28,988
308,floor,26,49
308,defer,29,479
308,allow,27,957
309,floor,27,508
309,defer,27,393
309,allow,28,915
310,floor,26,67
310,defer,27,855
310,allow,27,167
311,floor,26,447
311,defer,27,624
311,allow,28,603
312,floor,26,664
312,defer,26,708
312,allow,27,217
313,floor,26,333
313,defer,26,825
313,allow,183,381
314,floor,27,086
314,defer,27,849
314,allow,27,432
315,floor,25,896
315,defer,26,826
315,allow,26,247
316,floor,26,632
316,defer,27,245
316,allow,29,424
317,floor,27,375
317,defer,28,981
317,allow,28,819
318,floor,26,676
318,defer,28,186
318,allow,27,879
319,floor,28,944
319,defer,28,989
319,allow,27,787
320,floor,26,602
320,defer,27,962
320,allow,28,886
321,floor,26,173
321,defer,26,521
321,allow,27,846
322,floor,26,318
322,defer,28,065
322,allow,27,4
323,floor,26,959
323,defer,27,394
323,allow,27,506
324,floor,25,998
324,defer,27,97
324,allow,28,246
325,floor,27,902
325,defer,183,175
325,allow,27,845
326,floor,26,755
326,defer,26,721
326,allow,28,477
327,floor,25,678
327,defer,28,956
327,allow,30,06
328,floor,27,153
328,defer,29,02
328,allow,28,72
329,floor,26,346
329,defer,29,352
329,allow,32,802
330,floor,27,74
330,defer,27,393
330,allow,27,577
331,floor,26,276
331,defer,26,907
331,allow,27,69
332,floor,182,204
332,defer,27,884
332,allow,28,415
333,floor,26,206
333,defer,27,59
333,allow,27,757
334,floor,26,821
334,defer,28,368
334,allow,28,086
335,floor,26,058
335,defer,27,52
335,allow,183,212
336,floor,27,934
336,defer,27,547
336,allow,28,936
337,floor,27,73
337,defer,29,699
337,allow,184,386
338,floor,26,761
338,defer,27,259
338,allow,182,98
339,floor,26,272
339,defer,179,567
339,allow,27,492
340,floor,26,024
340,defer,27,502
340,allow,28,616
341,floor,26,134
341,defer,27,978
341,allow,37,495
342,floor,26,936
342,defer,28,948
342,allow,27,694
343,floor,26,43
343,defer,28,061
343,allow,28,282
344,floor,26,852
344,defer,28,83
344,allow,27,642
345,floor,26,55
345,defer,29,033
345,allow,27,073
346,floor,26,025
346,defer,28,409
346,allow,28,363
347,floor,26,488
347,defer,27,365
347,allow,27,166
348,floor,27,895
348,defer,27,689
348,allow,27,828
349,floor,35,641
349,defer,28,276
349,allow,26,532
350,floor,26,972
350,defer,27,781
350,allow,27,451
351,floor,26,577
351,defer,32,07
351,allow,28,13
352,floor,26,824
352,defer,28,047
352,allow,27,234
353,floor,26,293
353,defer,27,949
353,allow,28,839
354,floor,27,699
354,defer,28,057
354,allow,28,196
355,floor,27,043
355,defer,28,125
355,allow,29,305
356,floor,27,241
356,defer,29,202
356,allow,195,233
357,floor,29,472
357,defer,27,97
357,allow,29,003
358,floor,29,107
358,defer,28,272
358,allow,28,397
359,floor,30,186
359,defer,28,303
359,allow,27,363
360,floor,27,187
360,defer,28,182
360,allow,27,674
361,floor,26,485
361,defer,27,339
361,allow,27,762
362,floor,27,587
362,defer,28,251
362,allow,27,207
363,floor,27,376
363,defer,27,3
363,allow,28,19
364,floor,28,732
364,defer,29,137
364,allow,27,154
365,floor,29,041
365,defer,27,695
365,allow,31,104
366,floor,27,401
366,defer,171,979
366,allow,28,655
367,floor,27,6
367,defer,29,778
367,allow,28,651
368,floor,26,651
368,defer,27,997
368,allow,28,351
369,floor,27,199
369,defer,28,932
369,allow,28,735
370,floor,26,384
370,defer,27,298
370,allow,28,24
371,floor,26,195
371,defer,26,671
371,allow,185,913
372,floor,27,303
372,defer,28,615
372,allow,28,089
373,floor,27,853
373,defer,28,58
373,allow,30,703
374,floor,28,62
374,defer,27,974
374,allow,174,87
375,floor,28,292
375,defer,30,004
375,allow,27,302
376,floor,26,198
376,defer,183,547
376,allow,27,674
377,floor,26,842
377,defer,179,682
377,allow,192,75
378,floor,327,925
378,defer,27,139
378,allow,27,357
379,floor,26,552
379,defer,28,527
379,allow,27,778
380,floor,26,087
380,defer,27,635
380,allow,27,255
381,floor,27,453
381,defer,27,039
381,allow,28,142
382,floor,26,882
382,defer,27,093
382,allow,26,956
383,floor,26,216
383,defer,27,476
383,allow,27,871
384,floor,26,092
384,defer,28,353
384,allow,27,96
385,floor,192,128
385,defer,39,487
385,allow,27,557
386,floor,26,326
386,defer,27,954
386,allow,27,696
387,floor,26,106
387,defer,28,059
387,allow,27,713
388,floor,26,307
388,defer,28,131
388,allow,27,4
389,floor,181,117
389,defer,27,739
389,allow,27,104
390,floor,26,607
390,defer,28,411
390,allow,28,31
391,floor,180,931
391,defer,30,223
391,allow,28,84
392,floor,185,732
392,defer,27,612
392,allow,27,124
393,floor,26,008
393,defer,27,773
393,allow,28,418
394,floor,27,768
394,defer,26,936
394,allow,27,362
395,floor,25,99
395,defer,27,844
395,allow,27,902
396,floor,26,707
396,defer,26,849
396,allow,27,639
397,floor,26,884
397,defer,27,686
397,allow,27,613
398,floor,26,629
398,defer,27,052
398,allow,28,086
399,floor,27,704
399,defer,28,345
399,allow,27,629
400,floor,26,596
400,defer,26,85
400,allow,28,314
401,floor,27,034
401,defer,29,177
401,allow,29,243
402,floor,26,704
402,defer,26,956
402,allow,29,316
403,floor,27,502
403,defer,29,031
403,allow,27,717
404,floor,27,655
404,defer,27,782
404,allow,27,556
405,floor,25,773
405,defer,27,323
405,allow,27,925
406,floor,27,626
406,defer,27,165
406,allow,28,32
407,floor,26,144
407,defer,28,088
407,allow,27,493
408,floor,25,76
408,defer,27,487
408,allow,28,655
409,floor,27,427
409,defer,28,24
409,allow,27,419
410,floor,164,026
410,defer,26,479
410,allow,27,999
411,floor,28,398
411,defer,27,856
411,allow,27,956
412,floor,28,714
412,defer,27,614
412,allow,27,834
413,floor,28,27
413,defer,28,598
413,allow,33,032
414,floor,27,472
414,defer,27,89
414,allow,27,714
415,floor,26,86
415,defer,27,82
415,allow,27,997
416,floor,27,509
416,defer,27,689
416,allow,26,995
417,floor,26,971
417,defer,28,873
417,allow,28,095
418,floor,26,527
418,defer,27,414
418,allow,27,35
419,floor,26,524
419,defer,27,918
419,allow,183,112
420,floor,25,938
420,defer,28,723
420,allow,29,155
421,floor,26,494
421,defer,26,621
421,allow,27,569
422,floor,28,256
422,defer,28,8
422,allow,28,486
423,floor,28,707
423,defer,28,217
423,allow,30,774
424,floor,27,655
424,defer,28,585
424,allow,27,84
425,floor,184,071
425,defer,27,3
425,allow,28,403
426,floor,26,367
426,defer,27,427
426,allow,27,598
427,floor,26,52
427,defer,26,881
427,allow,28,11
428,floor,190,646
428,defer,27,05
428,allow,27,862
429,floor,25,673
429,defer,190,325
429,allow,28,648
430,floor,27,899
430,defer,186,958
430,allow,41,006
431,floor,176,508
431,defer,334,649
431,allow,27,821
432,floor,34,002
432,defer,27,608
432,allow,29,726
433,floor,26,612
433,defer,27,902
433,allow,29,3
434,floor,27,013
434,defer,28,794
434,allow,28,374
435,floor,25,86
435,defer,27,879
435,allow,28,89
436,floor,26,284
436,defer,27,415
436,allow,27,926
437,floor,25,985
437,defer,27,342
437,allow,27,82
438,floor,28,265
438,defer,182,223
438,allow,27,918
439,floor,26,091
439,defer,27,974
439,allow,28,102
440,floor,26,936
440,defer,27,197
440,allow,27,874
441,floor,29,783
441,defer,26,944
441,allow,27,267
442,floor,25,468
442,defer,195,613
442,allow,30,657
443,floor,28,17
443,defer,29,397
443,allow,28,505
444,floor,25,214
444,defer,191,704
444,allow,30,586
445,floor,28,954
445,defer,29,462
445,allow,28,22
446,floor,26,868
446,defer,27,71
446,allow,28,876
447,floor,25,863
447,defer,28,792
447,allow,27,494
448,floor,26,196
448,defer,26,87
448,allow,28,056
449,floor,26,498
449,defer,31,911
449,allow,29,98
450,floor,29,311
450,defer,31,137
450,allow,32,191
451,floor,32,557
451,defer,29,75
451,allow,28,335
452,floor,28,407
452,defer,28,493
452,allow,28,528
453,floor,27,181
453,defer,27,67
453,allow,28,276
454,floor,25,924
454,defer,28,143
454,allow,29,486
455,floor,27,03
455,defer,27,463
455,allow,28,177
456,floor,28,361
456,defer,29,263
456,allow,31,038
457,floor,32,933
457,defer,37,119
457,allow,32,915
458,floor,28,208
458,defer,28,024
458,allow,27,284
459,floor,26,906
459,defer,27,45
459,allow,27,455
460,floor,26,814
460,defer,27,467
460,allow,27,648
461,floor,26,593
461,defer,27,472
461,allow,30,226
462,floor,30,582
462,defer,30,621
462,allow,187,936
463,floor,28,225
463,defer,30,46
463,allow,32,078
464,floor,30,553
464,defer,30,226
464,allow,28,088
465,floor,26,852
465,defer,26,882
465,allow,28,543
466,floor,26,133
466,defer,27,647
466,allow,27,118
467,floor,27,348
467,defer,28,086
467,allow,27,426
468,floor,25,871
468,defer,27,309
468,allow,27,44
469,floor,27,354
469,defer,27,949
469,allow,27,691
470,floor,26,506
470,defer,27,112
470,allow,27,427
471,floor,28,09
471,defer,27,98
471,allow,27,164
472,floor,28,225
472,defer,29,152
472,allow,29,052
473,floor,176,323
473,defer,27,235
473,allow,27,992
474,floor,27,176
474,defer,27,737
474,allow,28,022
475,floor,27,352
475,defer,39,612
475,allow,27,657
476,floor,27,105
476,defer,27,025
476,allow,27,898
477,floor,26,3
477,defer,27,368
477,allow,28,573
478,floor,26,953
478,defer,27,396
478,allow,183,328
479,floor,26,96
479,defer,27,864
479,allow,28,203
480,floor,35,572
480,defer,29,63
480,allow,29,272
481,floor,31,412
481,defer,32,077
481,allow,190,422
482,floor,27,004
482,defer,27,104
482,allow,27,032
483,floor,28,577
483,defer,27,55
483,allow,186,01
484,floor,27,601
484,defer,27,253
484,allow,172,47
485,floor,183,582
485,defer,339,475
485,allow,27,07
486,floor,26,677
486,defer,26,814
486,allow,27,688
487,floor,26,116
487,defer,27,266
487,allow,27,115
488,floor,27,297
488,defer,27,67
488,allow,27,621
489,floor,25,688
489,defer,27,953
489,allow,27,87
490,floor,25,581
490,defer,27,5
490,allow,28,107
491,floor,26,059
491,defer,26,614
491,allow,28,277
492,floor,28,366
492,defer,190,698
492,allow,29,997
493,floor,26,535
493,defer,27,466
493,allow,28,626
494,floor,26,459
494,defer,28,297
494,allow,27,238
495,floor,26,456
495,defer,31,048
495,allow,28,778
496,floor,26,913
496,defer,185,251
496,allow,28,343
497,floor,26,197
497,defer,26,873
497,allow,28,631
498,floor,25,666
498,defer,27,113
498,allow,27,733
499,floor,26,227
499,defer,27,458
499,allow,27,608
500,floor,25,679
500,defer,27,884
500,allow,26,839
501,floor,27,098
501,defer,28,693
501,allow,28,74
502,floor,27,364
502,defer,27,605
502,allow,31,704
503,floor,27,405
503,defer,28,476
503,allow,28,389
504,floor,27,108
504,defer,26,754
504,allow,27,131
505,floor,26,586
505,defer,27,686
505,allow,29,314
506,floor,26,112
506,defer,28,174
506,allow,28,494
507,floor,26,835
507,defer,27,526
507,allow,28,51
508,floor,26,389
508,defer,27,382
508,allow,29,165
509,floor,28,217
509,defer,27,114
509,allow,28,648
510,floor,26,256
510,defer,28,428
510,allow,27,406
511,floor,26,529
511,defer,26,642
511,allow,27,611
512,floor,25,91
512,defer,27,662
512,allow,27,419
513,floor,26,688
513,defer,29,178
513,allow,28,262
514,floor,27,274
514,defer,27,595
514,allow,29,997
515,floor,27,642
515,defer,28,642
515,allow,183,007
516,floor,28,506
516,defer,27,098
516,allow,38,922
517,floor,26,922
517,defer,26,939
517,allow,27,347
518,floor,26,947
518,defer,28,961
518,allow,28,17
519,floor,26,286
519,defer,26,787
519,allow,28,981
520,floor,27,024
520,defer,29,647
520,allow,29,184
521,floor,25,912
521,defer,27,36
521,allow,28,777
522,floor,26,155
522,defer,27,481
522,allow,28,156
523,floor,37,196
523,defer,28,943
523,allow,27,887
524,floor,27,391
524,defer,29,216
524,allow,28,369
525,floor,26,63
525,defer,28,818
525,allow,28,476
526,floor,26,748
526,defer,183,782
526,allow,27,539
527,floor,26,557
527,defer,27,735
527,allow,27,563
528,floor,26,864
528,defer,29,058
528,allow,30,174
529,floor,27,317
529,defer,28,368
529,allow,29,483
530,floor,27,096
530,defer,27,502
530,allow,28,333
531,floor,28,139
531,defer,28,181
531,allow,28,747
532,floor,27,268
532,defer,189,255
532,allow,30,558
533,floor,29,854
533,defer,28,995
533,allow,30,582
534,floor,27,337
534,defer,28,413
534,allow,291,074
535,floor,28,916
535,defer,28,13
535,allow,27,531
536,floor,26,23
536,defer,27,053
536,allow,184,593
537,floor,27,772
537,defer,28,621
537,allow,180,744
538,floor,184,958
538,defer,26,822
538,allow,179,771
539,floor,183,84
539,defer,337,578
539,allow,29,51
540,floor,26,491
540,defer,30,469
540,allow,28,594
541,floor,26,404
541,defer,28,572
541,allow,27,244
542,floor,25,428
542,defer,29,485
542,allow,30,129
543,floor,27,2
543,defer,27,971
543,allow,28,341
544,floor,27,374
544,defer,27,586
544,allow,29,417
545,floor,27,502
545,defer,26,791
545,allow,27,658
546,floor,185,204
546,defer,27,605
546,allow,28,201
547,floor,26,138
547,defer,27,996
547,allow,27,757
548,floor,26,39
548,defer,27,495
548,allow,28,163
549,floor,29,147
549,defer,29,876
549,allow,28,919
550,floor,184,916
550,defer,27,066
550,allow,26,995
551,floor,25,933
551,defer,29,25
551,allow,27,802
552,floor,26,8
552,defer,27,024
552,allow,38,652
553,floor,27,152
553,defer,27,25
553,allow,27,728
554,floor,26,832
554,defer,27,857
554,allow,27,23
555,floor,26,232
555,defer,27,271
555,allow,27,766
556,floor,26,721
556,defer,27,523
556,allow,28,952
557,floor,26,055
557,defer,26,798
557,allow,27,747
558,floor,26,206
558,defer,26,856
558,allow,27,54
559,floor,36,267
559,defer,27,247
559,allow,28,995
560,floor,27,377
560,defer,30,077
560,allow,29,032
561,floor,27,103
561,defer,27,588
561,allow,27,287
562,floor,26,491
562,defer,26,552
562,allow,28,043
563,floor,25,74
563,defer,27,423
563,allow,30,165
564,floor,26,279
564,defer,27,383
564,allow,28,32
565,floor,26,384
565,defer,27,653
565,allow,30,062
566,floor,29,329
566,defer,33,074
566,allow,30,023
567,floor,28,013
567,defer,29,96
567,allow,29,812
568,floor,29,126
568,defer,27,262
568,allow,29,543
569,floor,28,624
569,defer,193,078
569,allow,27,997
570,floor,31,186
570,defer,29,2
570,allow,29,166
571,floor,28,606
571,defer,29,294
571,allow,30,333
572,floor,27,913
572,defer,28,569
572,allow,29,633
573,floor,28,096
573,defer,27,642
573,allow,27,839
574,floor,27,976
574,defer,29,944
574,allow,29,025
575,floor,28,068
575,defer,28,416
575,allow,28,607
576,floor,27,854
576,defer,29,498
576,allow,29,496
577,floor,27,078
577,defer,28,91
577,allow,31,804
578,floor,28,473
578,defer,30,114
578,allow,30,421
579,floor,30,148
579,defer,29,016
579,allow,28,887
580,floor,206,419
580,defer,28,313
580,allow,30,303
581,floor,28,654
581,defer,28,825
581,allow,29,343
582,floor,28,715
582,defer,29,17
582,allow,28,718
583,floor,27,261
583,defer,28,131
583,allow,27,184
584,floor,26,248
584,defer,29,814
584,allow,29,031
585,floor,28,046
585,defer,29,487
585,allow,29,264
586,floor,172,805
586,defer,29,931
586,allow,29,801
587,floor,29,508
587,defer,27,421
587,allow,27,686
588,floor,28,048
588,defer,30,321
588,allow,29,363
589,floor,28,299
589,defer,186,547
589,allow,28,624
590,floor,27,557
590,defer,28,393
590,allow,29,072
591,floor,27,257
591,defer,180,809
591,allow,29,272
592,floor,31,568
592,defer,185,971
592,allow,190,13
593,floor,337,96
593,defer,28,639
593,allow,28,453
594,floor,27,458
594,defer,38,909
594,allow,27,898
595,floor,29,024
595,defer,32,852
595,allow,34,281
596,floor,36,923
596,defer,37,342
596,allow,36,538
597,floor,32,756
597,defer,31,272
597,allow,30,303
598,floor,30,129
598,defer,31,108
598,allow,30,535
599,floor,27,65
599,defer,27,365
599,allow,29,247
600,floor,198,987
600,defer,28,051
600,allow,28,259
601,floor,28,356
601,defer,30,247
601,allow,30,448
602,floor,28,105
602,defer,29,344
602,allow,29,379
603,floor,27,194
603,defer,27,768
603,allow,27,056
604,floor,27,644
604,defer,29,092
604,allow,29,738
605,floor,27,623
605,defer,29,183
605,allow,29,321
606,floor,26,964
606,defer,28,264
606,allow,27,687
607,floor,29,098
607,defer,36,489
607,allow,31,367
608,floor,28,047
608,defer,30,03
608,allow,28,4
609,floor,29,164
609,defer,29,768
609,allow,32,341
610,floor,30,423
610,defer,29,65
610,allow,34,237
611,floor,29,787
611,defer,33,331
611,allow,27,817
612,floor,26,979
612,defer,28,913
612,allow,29,812
613,floor,28,12
613,defer,28,983
613,allow,29,61
614,floor,27,516
614,defer,28,296
614,allow,28,488
615,floor,27,534
615,defer,33,002
615,allow,30,143
616,floor,27,376
616,defer,28,919
616,allow,30,541
617,floor,28,582
617,defer,27,289
617,allow,28,083
618,floor,27,695
618,defer,28,836
618,allow,29,866
619,floor,29,879
619,defer,195,094
619,allow,30,399
620,floor,31,973
620,defer,30,44
620,allow,29,993
621,floor,26,338
621,defer,27,142
621,allow,29,552
622,floor,28,247
622,defer,29,193
622,allow,29,517
623,floor,28,579
623,defer,28,817
623,allow,28,395
624,floor,26,111
624,defer,27,601
624,allow,28,755
625,floor,27,925
625,defer,32,598
625,allow,31,173
626,floor,28,33
626,defer,28,723
626,allow,27,961
627,floor,26,624
627,defer,27,966
627,allow,29,811
628,floor,29,063
628,defer,32,214
628,allow,30,564
629,floor,28,387
629,defer,28,774
629,allow,28,198
630,floor,27,373
630,defer,30,698
630,allow,31,642
631,floor,30,353
631,defer,30,754
631,allow,190,36
632,floor,28,521
632,defer,30,209
632,allow,30,337
633,floor,28,447
633,defer,27,606
633,allow,27,234
634,floor,26,247
634,defer,28,113
634,allow,29,534
635,floor,28,969
635,defer,29,919
635,allow,30,095
636,floor,28,359
636,defer,27,157
636,allow,27,172
637,floor,26,869
637,defer,28,976
637,allow,30,188
638,floor,29,116
638,defer,28,723
638,allow,199,263
639,floor,31,954
639,defer,30,3
639,allow,30,175
640,floor,28,945
640,defer,27,652
640,allow,27,647
641,floor,27,222
641,defer,29,103
641,allow,28,814
642,floor,29,182
642,defer,200,336
642,allow,27,749
643,floor,26,12
643,defer,30,72
643,allow,27,878
644,floor,26,438
644,defer,190,877
644,allow,28,173
645,floor,26,573
645,defer,28,135
645,allow,179,622
646,floor,35,248
646,defer,178,838
646,allow,182,076
647,floor,323,2
647,defer,27,291
647,allow,28,229
648,floor,26,817
648,defer,28,818
648,allow,29,375
649,floor,27,853
649,defer,27,296
649,allow,28,508
650,floor,27,802
650,defer,28,219
650,allow,27,625
651,floor,26,273
651,defer,28,637
651,allow,27,969
652,floor,27,016
652,defer,28,654
652,allow,28,108
653,floor,26,655
653,defer,27,937
653,allow,27,414
654,floor,181,89
654,defer,26,92
654,allow,27,568
655,floor,26,274
655,defer,27,81
655,allow,27,21
656,floor,26,045
656,defer,27,46
656,allow,29,694
657,floor,26,655
657,defer,28,195
657,allow,27,465
658,floor,26,285
658,defer,27,066
658,allow,27,986
659,floor,28,14
659,defer,28,867
659,allow,27,109
660,floor,29,533
660,defer,28,212
660,allow,27,185
661,floor,28,261
661,defer,26,976
661,allow,27,116
662,floor,26,608
662,defer,28,103
662,allow,26,451
663,floor,26,288
663,defer,27,684
663,allow,27,89
664,floor,26,795
664,defer,27,493
664,allow,27,779
665,floor,27,253
665,defer,26,54
665,allow,27,476
666,floor,26,968
666,defer,28,06
666,allow,27,888
667,floor,27,334
667,defer,30,844
667,allow,31,713
668,floor,27,276
668,defer,27,713
668,allow,29,843
669,floor,26,749
669,defer,28,579
669,allow,27,707
670,floor,26,634
670,defer,27,957
670,allow,29,308
671,floor,27,568
671,defer,28,282
671,allow,29,059
672,floor,27,517
672,defer,28,969
672,allow,27,744
673,floor,25,441
673,defer,27,552
673,allow,27,51
674,floor,26,053
674,defer,28,746
674,allow,28,728
675,floor,173,181
675,defer,27,107
675,allow,27,398
676,floor,26,003
676,defer,27,568
676,allow,27,233
677,floor,26,149
677,defer,27,424
677,allow,28,155
678,floor,26,622
678,defer,29,609
678,allow,28,185
679,floor,27,903
679,defer,27,467
679,allow,29,669
680,floor,28,541
680,defer,27,162
680,allow,28,846
681,floor,28,433
681,defer,29,724
681,allow,29,171
682,floor,29,497
682,defer,28,822
682,allow,28,103
683,floor,26,33
683,defer,27,885
683,allow,29,038
684,floor,25,963
684,defer,27,189
684,allow,27,272
685,floor,26,651
685,defer,27,433
685,allow,28,104
686,floor,26,41
686,defer,186,301
686,allow,38,964
687,floor,25,814
687,defer,27,252
687,allow,27,559
688,floor,26,494
688,defer,28,335
688,allow,26,901
689,floor,26,24
689,defer,28,551
689,allow,28,74
690,floor,26,355
690,defer,28,308
690,allow,30,042
691,floor,28,509
691,defer,29,904
691,allow,28,469
692,floor,27,13
692,defer,27,616
692,allow,27,858
693,floor,171,176
693,defer,27,605
693,allow,27,506
694,floor,26,922
694,defer,27,168
694,allow,27,18
695,floor,26,482
695,defer,27,668
695,allow,27,404
696,floor,26,281
696,defer,27,255
696,allow,182,632
697,floor,26,769
697,defer,26,182
697,allow,27,861
698,floor,26,373
698,defer,27,713
698,allow,188,738
699,floor,26,987
699,defer,28,976
699,allow,184,327
700,floor,26,128
700,defer,183,186
700,allow,184,087
701,floor,487,409
701,defer,28,072
701,allow,28,584
702,floor,27,233
702,defer,28,719
702,allow,27,146
703,floor,27,011
703,defer,28,158
703,allow,27,842
704,floor,27,791
704,defer,27,068
704,allow,27,5
705,floor,27,162
705,defer,27,438
705,allow,27,334
706,floor,25,984
706,defer,29,068
706,allow,27,37
707,floor,26,604
707,defer,27,812
707,allow,28,296
708,floor,182,256
708,defer,29,622
708,allow,28,835
709,floor,26,99
709,defer,28,902
709,allow,30,86
710,floor,27,687
710,defer,27,588
710,allow,28,098
711,floor,26,473
711,defer,27,909
711,allow,27,73
712,floor,27,553
712,defer,28,256
712,allow,28,098
713,floor,26,832
713,defer,28,19
713,allow,27,179
714,floor,25,908
714,defer,28,063
714,allow,28,011
715,floor,26,475
715,defer,27,525
715,allow,27,661
716,floor,26,881
716,defer,27,599
716,allow,27,607
717,floor,26,916
717,defer,27,22
717,allow,29,145
718,floor,26,568
718,defer,27,388
718,allow,27,91
719,floor,26,44
719,defer,27,553
719,allow,28,899
720,floor,26,499
720,defer,30,534
720,allow,31,967
721,floor,26,879
721,defer,28,226
721,allow,28,514
722,floor,27,021
722,defer,27,894
722,allow,28,057
723,floor,26,566
723,defer,27,819
723,allow,27,505
724,floor,25,805
724,defer,27,339
724,allow,28,615
725,floor,26,761
725,defer,27,48
725,allow,28,131
726,floor,25,871
726,defer,26,794
726,allow,27,59
727,floor,28,146
727,defer,27,243
727,allow,28,196
728,floor,25,813
728,defer,38,608
728,allow,26,945
729,floor,164,893
729,defer,27,686
729,allow,27,678
730,floor,25,732
730,defer,27,821
730,allow,31,183
731,floor,28,076
731,defer,29,526
731,allow,29,52
732,floor,26,788
732,defer,27,835
732,allow,29,079
733,floor,26,604
733,defer,27,884
733,allow,27,582
734,floor,26,044
734,defer,28,249
734,allow,29,004
735,floor,42,009
735,defer,27,518
735,allow,26,709
736,floor,26,345
736,defer,28,332
736,allow,28,851
737,floor,28,271
737,defer,27,31
737,allow,28,697
738,floor,26,656
738,defer,28,022
738,allow,27,534
739,floor,27,216
739,defer,26,796
739,allow,28,857
740,floor,27,543
740,defer,28,244
740,allow,173,996
741,floor,27,262
741,defer,28,082
741,allow,29,482
742,floor,27,082
742,defer,27,048
742,allow,27,348
743,floor,27,109
743,defer,27,859
743,allow,28,204
744,floor,26,516
744,defer,27,507
744,allow,27,784
745,floor,26,547
745,defer,27,558
745,allow,27,69
746,floor,27,615
746,defer,30,052
746,allow,27,805
747,floor,26,86
747,defer,186,522
747,allow,29,363
748,floor,28,836
748,defer,29,726
748,allow,29,596
749,floor,27,283
749,defer,28,398
749,allow,28,438
750,floor,28,989
750,defer,30,321
750,allow,33,735
751,floor,194,743
751,defer,27,715
751,allow,28,734
752,floor,27,749
752,defer,28,502
752,allow,28,339
753,floor,187,357
753,defer,27,503
753,allow,27,983
754,floor,27,837
754,defer,176,141
754,allow,27,116
755,floor,186,541
755,defer,195,678
755,allow,326,118
756,floor,27,391
756,defer,28,477
756,allow,28,231
757,floor,27,108
757,defer,28,826
757,allow,28,427
758,floor,27,177
758,defer,27,53
758,allow,28,652
759,floor,27,061
759,defer,27,123
759,allow,28,656
760,floor,26,889
760,defer,28,082
760,allow,28,886
761,floor,26,739
761,defer,31,539
761,allow,29,764
762,floor,27,073
762,defer,30,7
762,allow,185,789
763,floor,26,835
763,defer,27,837
763,allow,30,205
764,floor,28,008
764,defer,28,722
764,allow,31,169
765,floor,27,564
765,defer,30,037
765,allow,29,372
766,floor,29,551
766,defer,29,596
766,allow,28,906
767,floor,26,941
767,defer,39,158
767,allow,27,712
768,floor,27,029
768,defer,28,782
768,allow,27,135
769,floor,26,57
769,defer,26,906
769,allow,27,748
770,floor,28,134
770,defer,26,841
770,allow,27,361
771,floor,29,824
771,defer,30,056
771,allow,28,384
772,floor,27,333
772,defer,28,294
772,allow,27,85
773,floor,26,606
773,defer,27,762
773,allow,28,1
774,floor,26,721
774,defer,27,516
774,allow,28,581
775,floor,26,207
775,defer,27,878
775,allow,30,299
776,floor,37,019
776,defer,27,868
776,allow,27,33
777,floor,26,788
777,defer,27,084
777,allow,27,436
778,floor,27,606
778,defer,27,391
778,allow,27,871
779,floor,28,011
779,defer,27,609
779,allow,28,162
780,floor,27,233
780,defer,28,549
780,allow,28,556
781,floor,26,748
781,defer,27,4
781,allow,27,846
782,floor,26,549
782,defer,27,096
782,allow,28,021
783,floor,27,804
783,defer,193,643
783,allow,29,674
784,floor,30,291
784,defer,28,538
784,allow,27,886
785,floor,27,905
785,defer,29,516
785,allow,28,366
786,floor,26,656
786,defer,30,1
786,allow,30,58
787,floor,28,998
787,defer,29,057
787,allow,28,055
788,floor,27,032
788,defer,27,732
788,allow,30,134
789,floor,29,647
789,defer,28,88
789,allow,27,608
790,floor,28,912
790,defer,29,857
790,allow,29,719
791,floor,28,759
791,defer,29,163
791,allow,29,487
792,floor,27,17
792,defer,28,645
792,allow,29,89
793,floor,28,217
793,defer,28,075
793,allow,30,952
794,floor,27,2
794,defer,26,322
794,allow,27,812
795,floor,212,031
795,defer,28,167
795,allow,28,101
796,floor,29,092
796,defer,29,301
796,allow,29,245
797,floor,27,287
797,defer,28,687
797,allow,28,461
798,floor,27,301
798,defer,30,19
798,allow,28,065
799,floor,26,306
799,defer,28,041
799,allow,28,028
800,floor,26,032
800,defer,27,529
800,allow,197,447
801,floor,28,733
801,defer,28,674
801,allow,28,521
802,floor,26,731
802,defer,27,457
802,allow,29,81
803,floor,27,37
803,defer,32,181
803,allow,199,352
804,floor,30,275
804,defer,29,411
804,allow,28,525
805,floor,26,394
805,defer,28,206
805,allow,28,152
806,floor,173,459
806,defer,28,125
806,allow,27,019
807,floor,25,78
807,defer,192,551
807,allow,28,638
808,floor,26,858
808,defer,184,004
808,allow,185,179
809,floor,27,132
809,defer,28,172
809,allow,28,339
810,floor,27,423
810,defer,27,478
810,allow,27,626
811,floor,28,052
811,defer,39,866
811,allow,27,02
812,floor,25,6
812,defer,27,954
812,allow,28,742
813,floor,26,447
813,defer,27,367
813,allow,28,029
814,floor,30,058
814,defer,38,23
814,allow,34,386
815,floor,27,361
815,defer,31,064
815,allow,29,814
816,floor,26,859
816,defer,27,619
816,allow,28,889
817,floor,27,446
817,defer,26,653
817,allow,27,153
818,floor,27,175
818,defer,27,126
818,allow,27,257
819,floor,26,626
819,defer,26,775
819,allow,28,065
820,floor,36,264
820,defer,28,15
820,allow,31,527
821,floor,27,702
821,defer,27,283
821,allow,28,057
822,floor,26,411
822,defer,28,571
822,allow,27,919
823,floor,26,322
823,defer,27,114
823,allow,27,818
824,floor,26,288
824,defer,28,308
824,allow,27,828
825,floor,192,821
825,defer,28,511
825,allow,28,467
826,floor,26,398
826,defer,27,908
826,allow,27,475
827,floor,27,798
827,defer,27,426
827,allow,27,846
828,floor,27,162
828,defer,27,61
828,allow,27,491
829,floor,25,67
829,defer,27,943
829,allow,28,185
830,floor,32,091
830,defer,27,945
830,allow,29,002
831,floor,28,028
831,defer,28,006
831,allow,28,108
832,floor,27,53
832,defer,27,797
832,allow,27,526
833,floor,26,72
833,defer,27,347
833,allow,26,832
834,floor,26,102
834,defer,29,523
834,allow,27,44
835,floor,192,053
835,defer,28,768
835,allow,28,429
836,floor,26,068
836,defer,27,704
836,allow,28,014
837,floor,27,956
837,defer,28,634
837,allow,27,417
838,floor,27,139
838,defer,27,601
838,allow,28,912
839,floor,28,777
839,defer,29,723
839,allow,33,378
840,floor,31,078
840,defer,30,012
840,allow,187,142
841,floor,27,875
841,defer,29,159
841,allow,29,338
842,floor,28,209
842,defer,30,024
842,allow,28,123
843,floor,26,929
843,defer,28,11
843,allow,194,518
844,floor,26,61
844,defer,28,439
844,allow,27,391
845,floor,26,155
845,defer,186,408
845,allow,30,87
846,floor,26,705
846,defer,182,718
846,allow,27,065
847,floor,185,512
847,defer,362,906
847,allow,27,9
848,floor,26,094
848,defer,27,497
848,allow,29,062
849,floor,26,759
849,defer,29,238
849,allow,29,622
850,floor,27,935
850,defer,26,94
850,allow,27,144
851,floor,25,962
851,defer,27,341
851,allow,27,783
852,floor,26,874
852,defer,27,907
852,allow,27,737
853,floor,25,872
853,defer,38,709
853,allow,28,535
854,floor,27,531
854,defer,220,853
854,allow,35,896
855,floor,27,006
855,defer,27,531
855,allow,28,197
856,floor,29,312
856,defer,31
856,allow,29,718
857,floor,32,162
857,defer,35,64
857,allow,30,312
858,floor,28,25
858,defer,185,075
858,allow,28,285
859,floor,35,059
859,defer,27,976
859,allow,29,723
860,floor,27,135
860,defer,184,175
860,allow,27,59
861,floor,31,238
861,defer,188,459
861,allow,27,52
862,floor,25,754
862,defer,27,557
862,allow,27,724
863,floor,27,478
863,defer,27,222
863,allow,27,329
864,floor,26,702
864,defer,27,06
864,allow,27,586
865,floor,25,956
865,defer,27,284
865,allow,27,823
866,floor,26,955
866,defer,28,62
866,allow,28,465
867,floor,26,248
867,defer,27,994
867,allow,27,526
868,floor,27,065
868,defer,27,579
868,allow,28,311
869,floor,26,699
869,defer,27,297
869,allow,26,576
870,floor,26,951
870,defer,27,015
870,allow,27,774
871,floor,26,658
871,defer,28,104
871,allow,28,863
872,floor,29,389
872,defer,28,792
872,allow,32,077
873,floor,28,013
873,defer,27,905
873,allow,27,488
874,floor,25,845
874,defer,28,953
874,allow,28,42
875,floor,26,896
875,defer,27,194
875,allow,28,999
876,floor,26,532
876,defer,27,995
876,allow,29,253
877,floor,26,259
877,defer,28,236
877,allow,31,961
878,floor,25,667
878,defer,26,633
878,allow,28,334
879,floor,183,463
879,defer,27,009
879,allow,27,606
880,floor,26,643
880,defer,27,472
880,allow,27,906
881,floor,25,544
881,defer,28,083
881,allow,29,479
882,floor,28,645
882,defer,28,068
882,allow,30,887
883,floor,26,671
883,defer,27,975
883,allow,27,648
884,floor,26,079
884,defer,27,821
884,allow,28,084
885,floor,27,862
885,defer,27,762
885,allow,28,07
886,floor,27,408
886,defer,27,608
886,allow,28,34
887,floor,26,748
887,defer,27,09
887,allow,28,215
888,floor,26,851
888,defer,28,886
888,allow,26,94
889,floor,180,893
889,defer,26,135
889,allow,28,292
890,floor,27,936
890,defer,27,211
890,allow,27,611
891,floor,26,592
891,defer,27,595
891,allow,28,696
892,floor,27,812
892,defer,29,977
892,allow,27,841
893,floor,30,02
893,defer,27,839
893,allow,29,202
894,floor,27,125
894,defer,29,266
894,allow,179,944
895,floor,27,378
895,defer,27,442
895,allow,26,7
896,floor,26,104
896,defer,27,476
896,allow,27,127
897,floor,28,502
897,defer,27,978
897,allow,198,846
898,floor,26,714
898,defer,27,589
898,allow,28,107
899,floor,27,025
899,defer,180,656
899,allow,28,302
900,floor,26,287
900,defer,178,917
900,allow,189,178
901,floor,338,341
901,defer,27,691
901,allow,28,108
902,floor,27,245
902,defer,27,565
902,allow,30,348
903,floor,33,895
903,defer,29,169
903,allow,29,12
904,floor,28,452
904,defer,28,831
904,allow,27,759
905,floor,26,476
905,defer,27,6
905,allow,27,973
906,floor,27,422
906,defer,28,707
906,allow,29,227
907,floor,27,152
907,defer,28,415
907,allow,28,447
908,floor,186,313
908,defer,28,685
908,allow,28,578
909,floor,25,652
909,defer,28,286
909,allow,28,327
910,floor,26,158
910,defer,28,677
910,allow,28,044
911,floor,26,464
911,defer,27,517
911,allow,28,186
912,floor,191,424
912,defer,27,288
912,allow,27,69
913,floor,27,478
913,defer,28,392
913,allow,27,893
914,floor,183,294
914,defer,27,283
914,allow,28,165
915,floor,26,871
915,defer,27,373
915,allow,27,203
916,floor,27,58
916,defer,27,441
916,allow,28,08
917,floor,27,937
917,defer,27,353
917,allow,27,243
918,floor,25,878
918,defer,28,074
918,allow,27,55
919,floor,26,145
919,defer,28,367
919,allow,27,126
920,floor,26,907
920,defer,27,436
920,allow,28,811
921,floor,30,481
921,defer,28,765
921,allow,29,283
922,floor,26,229
922,defer,28,168
922,allow,28,247
923,floor,27,384
923,defer,27,255
923,allow,27,508
924,floor,25,956
924,defer,28,436
924,allow,28,13
925,floor,26,322
925,defer,27,871
925,allow,27,85
926,floor,27,334
926,defer,27,701
926,allow,27,025
927,floor,26,385
927,defer,27,808
927,allow,27,112
928,floor,26,629
928,defer,27,529
928,allow,28,342
929,floor,26,111
929,defer,27,568
929,allow,27,521
930,floor,26,807
930,defer,27,813
930,allow,29,362
931,floor,27,024
931,defer,28,111
931,allow,27,891
932,floor,26,595
932,defer,190,389
932,allow,27,908
933,floor,26,747
933,defer,27,348
933,allow,27,82
934,floor,26,253
934,defer,27,856
934,allow,27,938
935,floor,27,004
935,defer,26,924
935,allow,27,139
936,floor,27,46
936,defer,27,244
936,allow,27,283
937,floor,30,819
937,defer,27,499
937,allow,29,286
938,floor,26,175
938,defer,27,214
938,allow,27,314
939,floor,26,397
939,defer,27,476
939,allow,27,784
940,floor,25,94
940,defer,27,365
940,allow,38,367
941,floor,26,1
941,defer,28,346
941,allow,28,989
942,floor,26,629
942,defer,191,651
942,allow,27,826
943,floor,26,047
943,defer,26,858
943,allow,27,576
944,floor,26,989
944,defer,27,134
944,allow,27,759
945,floor,25,841
945,defer,27,964
945,allow,28,472
946,floor,26,567
946,defer,27,501
946,allow,28,801
947,floor,25,935
947,defer,27,853
947,allow,28,755
948,floor,183,722
948,defer,28,153
948,allow,29,653
949,floor,36,378
949,defer,28,62
949,allow,27,533
950,floor,28,467
950,defer,28,175
950,allow,28,501
951,floor,27,522
951,defer,190,552
951,allow,28,627
952,floor,27,604
952,defer,28,216
952,allow,28,217
953,floor,26,701
953,defer,180,755
953,allow,28,413
954,floor,27,03
954,defer,177,199
954,allow,186,588
955,floor,352
955,defer,35,246
955,allow,32,054
956,floor,27,207
956,defer,28,032
956,allow,28,047
957,floor,26,61
957,defer,27,456
957,allow,26,973
958,floor,26,467
958,defer,30,51
958,allow,27,361
959,floor,27,724
959,defer,27,279
959,allow,27,532
960,floor,26,415
960,defer,27,217
960,allow,30,355
961,floor,26,311
961,defer,26,8
961,allow,29,153
962,floor,185,923
962,defer,28,674
962,allow,30,844
963,floor,30,083
963,defer,28,356
963,allow,28,161
964,floor,27,568
964,defer,28,375
964,allow,29,225
965,floor,27,003
965,defer,27,341
965,allow,28,379
966,floor,180,075
966,defer,27,94
966,allow,27,652
967,floor,26,574
967,defer,27,238
967,allow,27,397
968,floor,26,447
968,defer,27,327
968,allow,27,55
969,floor,26,564
969,defer,27,57
969,allow,27,551
970,floor,26,658
970,defer,27,6
970,allow,27,412
971,floor,27,975
971,defer,28,22
971,allow,29,92
972,floor,29,523
972,defer,28,268
972,allow,28,711
973,floor,28,632
973,defer,29,071
973,allow,27,434
974,floor,25,93
974,defer,27,592
974,allow,27,733
975,floor,27,172
975,defer,27,937
975,allow,28,154
976,floor,27,006
976,defer,28,723
976,allow,28,905
977,floor,26,493
977,defer,28,518
977,allow,31,736
978,floor,29,204
978,defer,28,864
978,allow,28,265
979,floor,30,256
979,defer,28,335
979,allow,29,16
980,floor,26,228
980,defer,26,52
980,allow,29,144
981,floor,28,418
981,defer,42,564
981,allow,28,64
982,floor,27,622
982,defer,27,239
982,allow,27,466
983,floor,26,954
983,defer,30,868
983,allow,29,228
984,floor,35,704
984,defer,28,944
984,allow,29,796
985,floor,184,012
985,defer,28,327
985,allow,28,255
986,floor,28,616
986,defer,30,848
986,allow,29,879
987,floor,28,115
987,defer,27,24
987,allow,28,556
988,floor,27,656
988,defer,27,336
988,allow,27,574
989,floor,26,38
989,defer,27,16
989,allow,27,342
990,floor,26,313
990,defer,27,505
990,allow,28,248
991,floor,28,025
991,defer,28,608
991,allow,28,093
992,floor,34,984
992,defer,27,697
992,allow,27,489
993,floor,28,401
993,defer,31,302
993,allow,28,29
994,floor,28,354
994,defer,28,699
994,allow,27,751
995,floor,27,718
995,defer,28,261
995,allow,183,694
996,floor,26,674
996,defer,28,937
996,allow,28,321
997,floor,26,175
997,defer,28,249
997,allow,27,846
998,floor,26,232
998,defer,26,882
998,allow,27,455
999,floor,27,838
999,defer,27,893
999,allow,27,392
